Transaction ID,Product ID,Product Category,Product Subcategory,Product Price,Quantity Sold,Transaction Date,Customer ID,Customer Location,Payment Method,Total Price,Transaction Month
2,192,electronics,fiction,237.04,10,2023-01-21 00:00:00,1016,New York,Debit Card,2370.4,1
5,160,clothing,board game,152.13,10,2022-03-19 00:00:00,1086,Florida,Cash,1521.3,3
6,120,electronics,laptop,153.46,15,2022-07-13 00:00:00,1088,California,Debit Card,2301.9,7
7,182,toys,laptop,372.88,19,2022-10-12 00:00:00,1078,Illinois,Debit Card,7084.72,10
8,186,books,mobile,28.83,4,2023-06-11 00:00:00,1055,Florida,Debit Card,115.32,6
9,174,clothing,board game,451.93,2,2023-06-08 00:00:00,1021,California,Cash,903.86,6
10,174,clothing,non-fiction,426.87,9,2023-09-05 00:00:00,1066,California,Cash,3841.83,9
11,187,groceries,non-fiction,335.56,10,2022-06-05 00:00:00,1055,Florida,Credit Card,3355.6,6
12,199,groceries,mobile,298.64,11,2022-12-06 00:00:00,1018,Florida,PayPal,3285.04,12
13,123,toys,non-fiction,446.69,14,2022-05-05 00:00:00,1056,California,Cash,6253.66,5
14,102,toys,action figure,96.74,7,2022-10-07 00:00:00,1043,California,PayPal,677.18,10
15,121,electronics,pants,44.09,15,2023-09-14 00:00:00,1097,California,PayPal,661.35,9
16,152,electronics,mobile,123.56,19,2023-10-20 00:00:00,1034,Florida,Cash,2347.64,10
17,101,toys,mobile,398.32,15,2023-12-29 00:00:00,1000,California,Debit Card,5974.8,12
18,187,toys,shirt,22.16,8,2023-11-05 00:00:00,1051,New York,Credit Card,177.28,11
19,129,books,fruit,293.49,11,2022-05-08 00:00:00,1084,Florida,PayPal,3228.39,5
20,137,groceries,fruit,497.74,9,2022-11-10 00:00:00,1092,New York,Debit Card,4479.66,11
21,101,electronics,action figure,428.57,15,2022-11-28 00:00:00,1069,Texas,Cash,6428.55,11
22,163,groceries,board game,263.12,1,2022-05-30 00:00:00,1036,Florida,PayPal,263.12,5
23,159,groceries,laptop,36.5,1,2023-03-30 00:00:00,1064,Texas,PayPal,36.5,3
24,120,toys,laptop,416.53,19,2022-02-05 00:00:00,1050,California,PayPal,7914.07,2
25,132,books,vegetable,301.49,3,2023-11-16 00:00:00,1000,California,Debit Card,904.47,11
26,175,clothing,action figure,61.89,10,2023-02-24 00:00:00,1090,Illinois,Debit Card,618.9,2
27,157,books,mobile,51.46,8,2022-01-22 00:00:00,1020,California,Debit Card,411.68,1
28,121,books,action figure,455.27,15,2022-07-25 00:00:00,1052,Texas,PayPal,6829.05,7
29,188,groceries,action figure,336.25,10,2023-10-01 00:00:00,1015,California,PayPal,3362.5,10
30,148,books,action figure,415.5,1,2022-12-22 00:00:00,1060,Florida,Credit Card,415.5,12
31,190,electronics,fruit,440.09,18,2023-03-16 00:00:00,1053,California,Credit Card,7921.62,3
32,158,groceries,action figure,288.03,2,2023-12-30 00:00:00,1039,Illinois,Debit Card,576.06,12
33,141,electronics,pants,261.14,19,2022-04-06 00:00:00,1025,California,Debit Card,4961.66,4
34,191,clothing,laptop,218.06,13,2022-06-13 00:00:00,1079,Texas,Cash,2834.78,6
35,159,groceries,vegetable,161.89,1,2022-05-28 00:00:00,1091,Texas,Debit Card,161.89,5
36,179,clothing,pants,220.13,2,2023-06-14 00:00:00,1064,California,Credit Card,440.26,6
37,114,groceries,vegetable,388.07,16,2022-10-21 00:00:00,1099,Texas,Credit Card,6209.12,10
38,161,toys,shirt,302.95,15,2022-07-14 00:00:00,1073,Texas,Credit Card,4544.25,7
39,161,books,vegetable,446.8,13,2023-10-25 00:00:00,1063,Illinois,PayPal,5808.4,10
40,146,toys,laptop,224.47,16,2023-04-25 00:00:00,1042,Florida,PayPal,3591.52,4
41,161,clothing,laptop,305.51,17,2022-05-03 00:00:00,1016,Illinois,Debit Card,5193.67,5
42,150,books,action figure,317.5,7,2023-02-04 00:00:00,1058,New York,Cash,2222.5,2
43,154,groceries,fiction,297.89,17,2023-11-30 00:00:00,1022,Illinois,Cash,5064.13,11
44,163,books,shirt,352.8,7,2023-03-28 00:00:00,1006,California,Cash,2469.6,3
45,102,electronics,mobile,122.53,13,2023-10-23 00:00:00,1043,Florida,PayPal,1592.89,10
46,150,books,non-fiction,258.62,5,2022-04-14 00:00:00,1052,California,Credit Card,1293.1,4
47,106,electronics,vegetable,56.59,17,2023-04-07 00:00:00,1070,New York,Credit Card,962.03,4
48,120,books,fiction,195.33,3,2023-12-19 00:00:00,1078,Florida,PayPal,585.99,12
49,172,electronics,action figure,246.4,7,2023-12-11 00:00:00,1033,Texas,Cash,1724.8,12
50,138,clothing,fruit,327.85,17,2023-01-31 00:00:00,1045,Illinois,Cash,5573.45,1
51,117,toys,mobile,475.51,7,2022-12-03 00:00:00,1067,California,Debit Card,3328.57,12
52,103,groceries,board game,302.32,1,2023-08-22 00:00:00,1077,New York,Debit Card,302.32,8
53,188,books,fiction,373.08,17,2022-05-22 00:00:00,1077,Texas,Cash,6342.36,5
54,159,toys,fruit,255.6,17,2022-11-13 00:00:00,1015,Illinois,PayPal,4345.2,11
55,113,groceries,shirt,318.88,11,2023-12-12 00:00:00,1070,Texas,Cash,3507.68,12
56,108,groceries,action figure,40.11,3,2023-07-12 00:00:00,1095,Illinois,Debit Card,120.33,7
57,189,electronics,mobile,130.92,15,2023-06-11 00:00:00,1018,Florida,Cash,1963.8,6
58,152,clothing,mobile,184.12,11,2023-07-10 00:00:00,1001,Texas,PayPal,2025.32,7
59,101,clothing,mobile,238.88,16,2023-02-05 00:00:00,1009,Texas,Credit Card,3822.08,2
60,183,toys,shirt,27.6,9,2023-11-12 00:00:00,1049,Texas,PayPal,248.4,11
61,191,clothing,vegetable,74.31,1,2022-11-06 00:00:00,1080,Florida,PayPal,74.31,11
62,159,books,board game,142.02,16,2023-05-10 00:00:00,1011,New York,Debit Card,2272.32,5
63,170,clothing,shirt,485.91,9,2023-07-10 00:00:00,1069,Illinois,PayPal,4373.19,7
64,143,toys,non-fiction,169.02,19,2023-09-02 00:00:00,1021,Texas,PayPal,3211.38,9
65,107,clothing,board game,243.61,12,2022-04-19 00:00:00,1031,Florida,Debit Card,2923.32,4
66,146,books,laptop,102.07,19,2023-01-07 00:00:00,1083,New York,Debit Card,1939.33,1
67,134,electronics,action figure,307.34,9,2023-09-08 00:00:00,1000,Illinois,Credit Card,2766.06,9
68,177,toys,shirt,143.94,7,2022-07-25 00:00:00,1053,Florida,Cash,1007.58,7
69,180,electronics,fruit,107.46,14,2022-02-12 00:00:00,1057,Illinois,PayPal,1504.44,2
70,135,electronics,board game,260.7,19,2022-09-02 00:00:00,1069,Texas,Debit Card,4953.3,9
71,149,electronics,non-fiction,7.73,19,2022-10-14 00:00:00,1082,New York,Credit Card,146.87,10
72,103,groceries,laptop,8.79,2,2022-12-21 00:00:00,1017,Florida,Cash,17.58,12
73,101,groceries,vegetable,113.44,9,2023-04-21 00:00:00,1005,New York,Debit Card,1020.96,4
74,105,electronics,fruit,23.18,13,2022-03-24 00:00:00,1044,Texas,Cash,301.34,3
75,153,toys,board game,58.47,15,2022-04-20 00:00:00,1096,New York,Cash,877.05,4
76,103,books,action figure,172.74,3,2022-07-09 00:00:00,1022,New York,PayPal,518.22,7
77,153,books,fruit,402.28,11,2022-09-08 00:00:00,1022,California,PayPal,4425.08,9
78,192,clothing,laptop,288.16,14,2023-12-25 00:00:00,1025,New York,Debit Card,4034.24,12
79,162,toys,fruit,258.77,8,2022-10-18 00:00:00,1076,Illinois,Cash,2070.16,10
80,117,groceries,pants,150.28,18,2023-10-07 00:00:00,1006,Florida,Debit Card,2705.04,10
81,189,electronics,fiction,466.22,19,2022-07-20 00:00:00,1078,California,Debit Card,8858.18,7
82,143,clothing,vegetable,201.52,16,2022-11-22 00:00:00,1043,Florida,Cash,3224.32,11
83,133,books,laptop,48.11,2,2023-05-26 00:00:00,1026,Florida,Debit Card,96.22,5
84,173,groceries,fruit,310.45,8,2023-02-13 00:00:00,1025,Texas,Cash,2483.6,2
85,161,groceries,fiction,61.35,6,2023-08-30 00:00:00,1096,Texas,Cash,368.1,8
86,199,electronics,fiction,175.89,12,2023-05-23 00:00:00,1078,California,Cash,2110.68,5
87,113,books,fruit,256.17,15,2023-08-24 00:00:00,1035,Texas,Cash,3842.55,8
88,194,toys,action figure,437.74,8,2022-03-13 00:00:00,1054,Texas,Credit Card,3501.92,3
89,147,groceries,pants,249.31,4,2022-09-04 00:00:00,1063,Texas,Cash,997.24,9
90,114,electronics,shirt,352.62,15,2023-10-03 00:00:00,1090,Florida,PayPal,5289.3,10
91,171,toys,pants,496.44,17,2023-12-25 00:00:00,1056,California,PayPal,8439.48,12
92,177,books,fruit,70.09,13,2023-08-31 00:00:00,1068,Florida,PayPal,911.17,8
93,186,groceries,vegetable,140.99,18,2023-08-10 00:00:00,1060,Illinois,Cash,2537.82,8
94,161,toys,shirt,200.32,2,2023-07-20 00:00:00,1001,Florida,PayPal,400.64,7
95,139,toys,laptop,213.8,13,2022-12-10 00:00:00,1054,Illinois,Credit Card,2779.4,12
96,184,toys,pants,208.46,13,2022-02-23 00:00:00,1096,New York,Debit Card,2709.98,2
97,179,groceries,fruit,454.27,15,2023-12-31 00:00:00,1079,New York,Cash,6814.05,12
98,181,groceries,pants,358.45,10,2023-06-12 00:00:00,1086,Illinois,PayPal,3584.5,6
99,152,clothing,shirt,305.91,3,2023-09-03 00:00:00,1037,Illinois,Credit Card,917.73,9
100,123,books,non-fiction,158.14,19,2023-06-16 00:00:00,1079,Florida,Debit Card,3004.66,6
101,125,electronics,board game,412.78,3,2023-07-12 00:00:00,1077,Illinois,Credit Card,1238.34,7
102,188,toys,pants,477.75,14,2022-07-12 00:00:00,1028,California,PayPal,6688.5,7
103,159,clothing,laptop,411.49,8,2022-02-27 00:00:00,1025,New York,Credit Card,3291.92,2
104,140,electronics,laptop,5.77,4,2023-03-13 00:00:00,1034,New York,Debit Card,23.08,3
105,128,clothing,mobile,320.02,11,2022-04-21 00:00:00,1078,Illinois,PayPal,3520.22,4
106,114,groceries,pants,30.31,11,2022-05-09 00:00:00,1066,Texas,Debit Card,333.41,5
107,144,toys,board game,132.52,11,2023-12-07 00:00:00,1086,Texas,Credit Card,1457.72,12
108,164,electronics,action figure,34.46,2,2022-11-22 00:00:00,1028,Illinois,Cash,68.92,11
109,188,electronics,fiction,303.88,17,2022-01-08 00:00:00,1033,California,Cash,5165.96,1
110,170,electronics,board game,344.86,9,2022-01-29 00:00:00,1096,Texas,Cash,3103.74,1
111,108,electronics,fiction,61.67,2,2022-04-22 00:00:00,1040,Illinois,Cash,123.34,4
112,187,electronics,fiction,195,15,2023-11-04 00:00:00,1040,California,Debit Card,2925,11
113,100,clothing,non-fiction,230.84,16,2022-05-11 00:00:00,1022,California,Cash,3693.44,5
114,107,toys,mobile,187.68,4,2022-07-07 00:00:00,1070,Florida,Debit Card,750.72,7
115,187,groceries,board game,64.91,8,2023-11-06 00:00:00,1002,California,PayPal,519.28,11
116,162,groceries,board game,212.38,9,2023-12-10 00:00:00,1057,Texas,Cash,1911.42,12
117,110,groceries,non-fiction,376.83,5,2023-04-20 00:00:00,1031,Texas,Debit Card,1884.15,4
118,180,groceries,pants,40.15,16,2022-12-30 00:00:00,1030,Illinois,Cash,642.4,12
119,107,clothing,pants,44.69,13,2022-07-23 00:00:00,1081,Illinois,Cash,580.97,7
120,134,books,pants,180.61,7,2022-07-31 00:00:00,1042,California,Cash,1264.27,7
121,134,toys,vegetable,471.15,17,2023-09-13 00:00:00,1006,New York,Debit Card,8009.55,9
122,132,electronics,fiction,335.94,3,2022-10-03 00:00:00,1000,Florida,Credit Card,1007.82,10
123,104,books,vegetable,340.94,5,2022-03-14 00:00:00,1060,New York,Cash,1704.7,3
124,140,groceries,mobile,184.15,19,2023-11-10 00:00:00,1013,California,Cash,3498.85,11
125,127,books,non-fiction,298.86,12,2022-08-31 00:00:00,1051,California,PayPal,3586.32,8
126,106,toys,board game,10.01,7,2022-04-12 00:00:00,1095,New York,Credit Card,70.07,4
127,172,electronics,fiction,319.87,9,2023-11-16 00:00:00,1005,Florida,Debit Card,2878.83,11
128,171,electronics,vegetable,457.08,6,2022-06-20 00:00:00,1009,New York,PayPal,2742.48,6
129,111,toys,vegetable,308.22,17,2023-10-15 00:00:00,1070,Illinois,Cash,5239.74,10
130,133,toys,fruit,437.48,16,2022-07-07 00:00:00,1089,Texas,PayPal,6999.68,7
131,132,groceries,vegetable,363.37,3,2023-03-17 00:00:00,1097,Illinois,PayPal,1090.11,3
132,147,electronics,action figure,64.68,4,2022-03-27 00:00:00,1029,Texas,Cash,258.72,3
133,122,books,board game,451.71,10,2023-04-21 00:00:00,1099,California,Credit Card,4517.1,4
134,161,clothing,action figure,37.89,5,2022-02-21 00:00:00,1020,Florida,Credit Card,189.45,2
135,187,clothing,board game,269.31,10,2022-04-21 00:00:00,1059,New York,PayPal,2693.1,4
136,136,toys,non-fiction,75.36,12,2022-02-12 00:00:00,1080,Florida,Cash,904.32,2
137,198,groceries,board game,10.79,10,2022-07-30 00:00:00,1096,New York,Debit Card,107.9,7
138,143,clothing,action figure,213.91,13,2022-07-19 00:00:00,1073,Illinois,PayPal,2780.83,7
139,185,electronics,board game,151.05,11,2023-09-19 00:00:00,1062,Illinois,Debit Card,1661.55,9
140,190,toys,non-fiction,245.57,16,2022-01-26 00:00:00,1041,New York,PayPal,3929.12,1
141,134,books,non-fiction,290.71,8,2022-10-26 00:00:00,1050,Florida,PayPal,2325.68,10
142,164,toys,mobile,26.65,8,2022-03-18 00:00:00,1063,New York,Cash,213.2,3
143,198,books,board game,65.89,8,2022-05-17 00:00:00,1075,California,Cash,527.12,5
144,146,toys,fruit,281.53,13,2022-01-20 00:00:00,1055,Illinois,Debit Card,3659.89,1
145,177,toys,pants,174.87,2,2023-03-16 00:00:00,1079,California,Debit Card,349.74,3
146,102,toys,laptop,365.94,12,2022-07-30 00:00:00,1040,Illinois,Credit Card,4391.28,7
147,100,books,non-fiction,327.88,10,2023-07-05 00:00:00,1031,Illinois,Cash,3278.8,7
148,104,books,shirt,423.57,12,2023-03-11 00:00:00,1014,Texas,PayPal,5082.84,3
149,189,toys,pants,347.78,11,2022-07-26 00:00:00,1061,California,PayPal,3825.58,7
150,113,clothing,fiction,217.82,15,2023-03-15 00:00:00,1026,California,Credit Card,3267.3,3
151,126,groceries,board game,338.12,16,2023-10-28 00:00:00,1027,Texas,Cash,5409.92,10
152,108,groceries,action figure,141.31,17,2022-02-11 00:00:00,1080,Florida,PayPal,2402.27,2
153,178,groceries,laptop,156.63,2,2023-02-15 00:00:00,1063,California,Credit Card,313.26,2
154,114,books,shirt,395.55,18,2023-06-07 00:00:00,1058,New York,Credit Card,7119.9,6
155,189,books,pants,225.98,12,2023-09-02 00:00:00,1057,Texas,PayPal,2711.76,9
156,141,clothing,board game,400.2,19,2023-03-03 00:00:00,1001,California,PayPal,7603.8,3
157,176,groceries,mobile,412.1,18,2022-10-02 00:00:00,1035,Florida,Debit Card,7417.8,10
158,150,groceries,fiction,429.49,17,2023-03-24 00:00:00,1070,California,Cash,7301.33,3
159,162,toys,laptop,458.73,6,2023-01-04 00:00:00,1012,Illinois,Debit Card,2752.38,1
160,195,books,fruit,218.34,15,2022-08-08 00:00:00,1014,New York,Credit Card,3275.1,8
161,151,groceries,mobile,162.84,3,2023-07-31 00:00:00,1088,Texas,PayPal,488.52,7
162,195,clothing,shirt,293.19,6,2022-08-20 00:00:00,1086,Illinois,Debit Card,1759.14,8
163,103,clothing,laptop,188.73,3,2022-11-24 00:00:00,1059,Florida,Credit Card,566.19,11
164,193,groceries,mobile,302.53,1,2023-03-19 00:00:00,1021,Illinois,Cash,302.53,3
165,122,books,fiction,354.27,13,2022-02-21 00:00:00,1062,Illinois,PayPal,4605.51,2
166,114,clothing,fruit,345.76,14,2023-01-11 00:00:00,1089,Florida,Debit Card,4840.64,1
167,142,toys,mobile,190.4,13,2022-09-20 00:00:00,1096,Illinois,Cash,2475.2,9
168,128,clothing,vegetable,87.6,4,2022-09-24 00:00:00,1074,Texas,Debit Card,350.4,9
169,135,electronics,fruit,218.11,7,2022-12-25 00:00:00,1073,California,Credit Card,1526.77,12
170,112,electronics,shirt,75.58,10,2022-11-13 00:00:00,1024,Illinois,Cash,755.8,11
171,131,books,fiction,445.6,7,2022-11-20 00:00:00,1047,Texas,Debit Card,3119.2,11
172,170,groceries,board game,176.21,15,2023-10-28 00:00:00,1042,California,Cash,2643.15,10
173,158,books,action figure,81.46,15,2023-10-14 00:00:00,1037,California,Credit Card,1221.9,10
174,185,books,action figure,17.6,4,2023-07-17 00:00:00,1040,Illinois,Cash,70.4,7
175,127,books,action figure,324.68,6,2023-09-21 00:00:00,1044,Texas,Debit Card,1948.08,9
176,165,books,laptop,320.27,5,2023-02-25 00:00:00,1087,Illinois,Credit Card,1601.35,2
177,141,toys,shirt,173.6,12,2022-02-15 00:00:00,1039,Florida,PayPal,2083.2,2
178,144,toys,fiction,40.5,1,2023-08-23 00:00:00,1096,California,Debit Card,40.5,8
179,161,clothing,fruit,207.77,8,2023-12-21 00:00:00,1016,Illinois,Debit Card,1662.16,12
180,156,electronics,laptop,159.05,1,2022-09-26 00:00:00,1087,California,Credit Card,159.05,9
181,105,books,shirt,340.17,5,2023-08-24 00:00:00,1056,Texas,Credit Card,1700.85,8
182,127,clothing,board game,304.86,6,2023-01-16 00:00:00,1001,New York,PayPal,1829.16,1
183,127,electronics,vegetable,185.47,3,2022-04-28 00:00:00,1095,Illinois,Debit Card,556.41,4
184,143,groceries,fiction,112.86,15,2023-07-20 00:00:00,1061,Illinois,Credit Card,1692.9,7
185,183,toys,action figure,494.08,5,2022-04-26 00:00:00,1087,California,PayPal,2470.4,4
186,129,electronics,mobile,229.73,14,2023-09-22 00:00:00,1008,Texas,PayPal,3216.22,9
187,161,groceries,fiction,345.7,18,2022-09-17 00:00:00,1067,Florida,Credit Card,6222.6,9
188,174,electronics,non-fiction,74.57,16,2022-03-16 00:00:00,1080,Texas,Debit Card,1193.12,3
189,191,toys,shirt,245.37,6,2023-04-25 00:00:00,1016,Illinois,Cash,1472.22,4
190,188,toys,pants,18.63,14,2022-11-01 00:00:00,1049,Florida,Cash,260.82,11
191,161,clothing,board game,255.2,8,2022-01-07 00:00:00,1093,Texas,PayPal,2041.6,1
192,196,books,vegetable,482.19,7,2023-01-01 00:00:00,1039,New York,Cash,3375.33,1
193,100,electronics,board game,195.18,8,2023-09-26 00:00:00,1057,California,Cash,1561.44,9
194,126,electronics,fiction,24.3,13,2023-06-07 00:00:00,1074,Texas,Credit Card,315.9,6
195,161,groceries,pants,20.32,6,2022-12-14 00:00:00,1084,Texas,PayPal,121.92,12
196,176,toys,non-fiction,197.05,18,2023-03-14 00:00:00,1020,New York,Debit Card,3546.9,3
197,102,electronics,fruit,84.21,2,2022-08-03 00:00:00,1017,Illinois,PayPal,168.42,8
198,169,toys,mobile,16.56,8,2023-03-05 00:00:00,1054,California,Credit Card,132.48,3
199,171,electronics,pants,379.33,11,2023-05-13 00:00:00,1028,Texas,Cash,4172.63,5
200,126,clothing,shirt,231.97,1,2023-06-24 00:00:00,1023,Florida,Debit Card,231.97,6
201,108,books,action figure,148.18,6,2023-01-02 00:00:00,1073,Texas,PayPal,889.08,1
202,161,electronics,non-fiction,450.54,16,2022-11-09 00:00:00,1016,California,Cash,7208.64,11
203,136,toys,mobile,62.49,12,2023-06-22 00:00:00,1017,Texas,PayPal,749.88,6
204,196,clothing,vegetable,478.18,11,2022-02-23 00:00:00,1041,New York,Debit Card,5259.98,2
205,150,electronics,action figure,160.41,10,2023-06-25 00:00:00,1083,Texas,PayPal,1604.1,6
206,143,groceries,fiction,444.76,3,2023-04-12 00:00:00,1044,Texas,PayPal,1334.28,4
207,123,books,pants,303.46,13,2022-06-13 00:00:00,1081,Florida,PayPal,3944.98,6
208,178,electronics,mobile,414.22,3,2022-11-30 00:00:00,1016,New York,Cash,1242.66,11
209,158,clothing,laptop,492.09,15,2023-07-01 00:00:00,1072,New York,Debit Card,7381.35,7
210,131,groceries,fruit,147.76,16,2022-12-14 00:00:00,1013,Texas,Debit Card,2364.16,12
211,195,clothing,fruit,480.76,13,2022-09-30 00:00:00,1048,Florida,Cash,6249.88,9
212,187,clothing,non-fiction,197.79,17,2023-12-21 00:00:00,1028,Texas,Cash,3362.43,12
213,151,groceries,vegetable,195.83,3,2023-02-18 00:00:00,1094,Texas,Cash,587.49,2
214,161,clothing,non-fiction,173.49,11,2023-05-15 00:00:00,1003,California,Credit Card,1908.39,5
215,157,groceries,laptop,273,19,2022-04-03 00:00:00,1081,California,PayPal,5187,4
216,151,electronics,shirt,81.3,11,2023-11-16 00:00:00,1019,Florida,PayPal,894.3,11
217,111,groceries,vegetable,279.09,16,2022-03-20 00:00:00,1046,Illinois,Debit Card,4465.44,3
218,138,groceries,board game,273.14,3,2023-09-14 00:00:00,1008,California,PayPal,819.42,9
219,101,books,shirt,382.14,6,2022-08-05 00:00:00,1076,Illinois,Credit Card,2292.84,8
220,102,groceries,vegetable,417.66,14,2022-12-24 00:00:00,1078,New York,Cash,5847.24,12
221,155,groceries,vegetable,223.02,18,2023-09-10 00:00:00,1026,California,Debit Card,4014.36,9
222,180,electronics,laptop,154.65,17,2023-05-22 00:00:00,1014,California,Debit Card,2629.05,5
223,158,books,fiction,133.37,4,2023-07-13 00:00:00,1091,Florida,PayPal,533.48,7
224,101,toys,laptop,101.34,15,2022-06-30 00:00:00,1018,Illinois,Debit Card,1520.1,6
225,101,electronics,vegetable,33.54,11,2023-07-30 00:00:00,1089,California,Cash,368.94,7
226,191,electronics,mobile,174.51,3,2022-09-03 00:00:00,1051,California,Debit Card,523.53,9
227,153,toys,shirt,138.77,3,2022-09-01 00:00:00,1025,Florida,Cash,416.31,9
228,186,groceries,laptop,483.38,16,2023-05-21 00:00:00,1088,Florida,Credit Card,7734.08,5
229,195,clothing,fiction,281.07,5,2023-02-26 00:00:00,1025,Illinois,Credit Card,1405.35,2
230,196,books,pants,176.9,10,2022-11-16 00:00:00,1025,New York,Cash,1769,11
231,100,clothing,non-fiction,292.33,19,2022-03-28 00:00:00,1045,New York,PayPal,5554.27,3
232,118,toys,vegetable,73.9,4,2022-08-05 00:00:00,1091,Texas,Debit Card,295.6,8
233,101,electronics,board game,224.8,19,2023-05-05 00:00:00,1048,California,PayPal,4271.2,5
234,152,electronics,pants,314.99,11,2023-06-03 00:00:00,1081,Illinois,Debit Card,3464.89,6
235,143,books,fruit,247,2,2022-10-05 00:00:00,1095,California,Credit Card,494,10
236,189,electronics,action figure,203.88,10,2023-12-23 00:00:00,1052,Illinois,Credit Card,2038.8,12
237,131,electronics,fiction,496.95,11,2022-06-18 00:00:00,1002,Illinois,Credit Card,5466.45,6
238,169,books,board game,440.76,16,2022-11-26 00:00:00,1065,Illinois,Debit Card,7052.16,11
239,131,books,action figure,313.59,19,2023-10-12 00:00:00,1096,California,Credit Card,5958.21,10
240,167,toys,fiction,286.84,11,2023-03-17 00:00:00,1041,Florida,Credit Card,3155.24,3
241,154,electronics,mobile,312.23,14,2023-01-26 00:00:00,1018,California,Credit Card,4371.22,1
242,174,electronics,non-fiction,104.65,2,2023-05-11 00:00:00,1016,Illinois,Credit Card,209.3,5
243,155,toys,pants,200.59,5,2023-01-16 00:00:00,1032,Texas,PayPal,1002.95,1
244,116,groceries,shirt,24.53,5,2022-11-02 00:00:00,1075,New York,Credit Card,122.65,11
245,137,groceries,fiction,240.4,19,2023-11-04 00:00:00,1048,Illinois,Credit Card,4567.6,11
246,123,groceries,shirt,273.8,12,2023-05-28 00:00:00,1055,Texas,PayPal,3285.6,5
247,168,toys,non-fiction,117.74,18,2022-07-07 00:00:00,1062,Florida,PayPal,2119.32,7
248,197,electronics,vegetable,482.19,4,2023-05-31 00:00:00,1002,Illinois,Debit Card,1928.76,5
249,169,toys,fruit,455.18,17,2023-10-06 00:00:00,1048,Texas,Cash,7738.06,10
250,185,toys,pants,362.46,10,2023-03-03 00:00:00,1054,Illinois,Credit Card,3624.6,3
251,110,groceries,non-fiction,269.03,6,2023-05-17 00:00:00,1025,California,Credit Card,1614.18,5
252,115,clothing,non-fiction,435.63,14,2023-12-31 00:00:00,1098,Texas,Credit Card,6098.82,12
253,196,electronics,mobile,69.67,11,2022-09-17 00:00:00,1071,California,Debit Card,766.37,9
254,172,groceries,action figure,396.3,11,2023-05-28 00:00:00,1051,California,Credit Card,4359.3,5
255,158,clothing,fruit,66.79,18,2022-03-12 00:00:00,1099,Texas,Cash,1202.22,3
256,169,clothing,pants,398.13,18,2023-04-23 00:00:00,1006,New York,PayPal,7166.34,4
257,179,books,vegetable,141.5,11,2022-06-27 00:00:00,1045,Texas,Debit Card,1556.5,6
258,192,electronics,vegetable,439.16,12,2023-04-02 00:00:00,1045,New York,PayPal,5269.92,4
259,102,clothing,laptop,472.3,5,2022-07-08 00:00:00,1099,Illinois,Credit Card,2361.5,7
260,119,groceries,non-fiction,78.65,9,2022-10-18 00:00:00,1015,Illinois,Credit Card,707.85,10
261,158,books,fiction,234.02,9,2023-06-04 00:00:00,1023,Texas,Credit Card,2106.18,6
262,135,electronics,mobile,490.59,10,2022-10-19 00:00:00,1060,Illinois,Cash,4905.9,10
263,118,toys,fruit,244.29,19,2023-09-27 00:00:00,1053,Florida,Cash,4641.51,9
264,189,groceries,vegetable,432.46,1,2022-10-10 00:00:00,1061,California,Debit Card,432.46,10
265,166,clothing,pants,296.42,7,2023-06-28 00:00:00,1000,California,PayPal,2074.94,6
266,118,clothing,laptop,190.79,4,2023-01-12 00:00:00,1048,New York,Credit Card,763.16,1
267,119,groceries,pants,146.46,1,2023-10-20 00:00:00,1024,Illinois,Credit Card,146.46,10
268,195,clothing,mobile,105.6,15,2022-06-05 00:00:00,1009,New York,Credit Card,1584,6
269,170,books,fiction,382.09,8,2023-05-23 00:00:00,1079,California,Credit Card,3056.72,5
270,151,electronics,laptop,196.34,12,2023-02-17 00:00:00,1015,California,Cash,2356.08,2
271,132,books,laptop,258.08,18,2023-06-12 00:00:00,1057,Illinois,PayPal,4645.44,6
272,139,clothing,action figure,248.7,15,2022-12-21 00:00:00,1071,Florida,PayPal,3730.5,12
273,138,toys,fruit,290.75,17,2023-07-13 00:00:00,1028,Florida,Debit Card,4942.75,7
274,181,electronics,laptop,433.46,14,2022-07-06 00:00:00,1091,Illinois,Cash,6068.44,7
275,100,electronics,action figure,490.47,14,2022-01-31 00:00:00,1005,Illinois,Credit Card,6866.58,1
276,110,groceries,action figure,206.75,18,2022-09-17 00:00:00,1015,New York,PayPal,3721.5,9
277,191,groceries,mobile,414.62,18,2023-02-25 00:00:00,1019,Illinois,PayPal,7463.16,2
278,156,toys,shirt,383.44,16,2023-06-13 00:00:00,1079,Florida,Cash,6135.04,6
279,188,electronics,pants,288.9,1,2023-07-05 00:00:00,1070,Illinois,Debit Card,288.9,7
280,149,toys,fiction,478.24,11,2022-10-31 00:00:00,1077,New York,Debit Card,5260.64,10
281,122,groceries,board game,104.23,15,2022-02-08 00:00:00,1042,New York,Credit Card,1563.45,2
282,130,groceries,pants,59.09,12,2023-05-04 00:00:00,1025,New York,Debit Card,709.08,5
283,193,electronics,laptop,427.71,8,2023-10-06 00:00:00,1089,New York,PayPal,3421.68,10
284,141,books,fiction,222.38,6,2023-06-26 00:00:00,1077,Texas,Debit Card,1334.28,6
285,198,clothing,vegetable,424.25,3,2023-11-01 00:00:00,1070,Illinois,Credit Card,1272.75,11
286,106,groceries,shirt,447.08,13,2022-10-05 00:00:00,1032,California,PayPal,5812.04,10
287,115,groceries,vegetable,35.92,13,2022-07-22 00:00:00,1025,Illinois,Debit Card,466.96,7
288,189,books,vegetable,442.32,2,2022-03-07 00:00:00,1044,Texas,Debit Card,884.64,3
289,159,books,fruit,226.92,5,2022-04-18 00:00:00,1083,New York,Cash,1134.6,4
290,101,toys,pants,257.66,17,2022-09-25 00:00:00,1062,Texas,Credit Card,4380.22,9
291,100,toys,board game,315.16,6,2022-08-10 00:00:00,1066,Florida,Debit Card,1890.96,8
292,147,clothing,mobile,463.56,2,2023-06-14 00:00:00,1051,Florida,Cash,927.12,6
293,111,clothing,board game,14.46,4,2022-03-31 00:00:00,1067,Illinois,PayPal,57.84,3
294,168,electronics,vegetable,241.04,11,2023-11-24 00:00:00,1025,Illinois,Cash,2651.44,11
295,136,toys,laptop,345.42,8,2022-09-12 00:00:00,1074,California,Cash,2763.36,9
296,131,groceries,shirt,362.74,12,2023-03-31 00:00:00,1001,California,Debit Card,4352.88,3
297,108,toys,non-fiction,347.8,8,2022-09-10 00:00:00,1013,Florida,Debit Card,2782.4,9
298,198,groceries,board game,71.55,11,2022-09-14 00:00:00,1029,New York,Debit Card,787.05,9
299,118,books,vegetable,153.2,8,2023-01-18 00:00:00,1048,Texas,Cash,1225.6,1
300,147,toys,shirt,182.56,8,2023-03-18 00:00:00,1011,California,PayPal,1460.48,3
301,179,books,fiction,403.2,17,2023-08-22 00:00:00,1089,California,Credit Card,6854.4,8
302,102,clothing,pants,142.99,16,2022-03-31 00:00:00,1043,New York,Cash,2287.84,3
303,119,clothing,action figure,109.3,14,2023-01-25 00:00:00,1032,New York,Debit Card,1530.2,1
304,123,electronics,fruit,478.94,11,2023-08-05 00:00:00,1012,Illinois,Credit Card,5268.34,8
305,153,toys,shirt,9.39,7,2022-02-13 00:00:00,1077,Texas,PayPal,65.73,2
306,132,books,laptop,498.92,16,2023-12-13 00:00:00,1087,New York,Credit Card,7982.72,12
307,123,groceries,laptop,340.03,13,2023-10-26 00:00:00,1097,California,Debit Card,4420.39,10
308,174,clothing,shirt,415.09,15,2023-08-21 00:00:00,1025,California,Cash,6226.35,8
309,171,clothing,laptop,150.84,16,2022-01-19 00:00:00,1020,Florida,Cash,2413.44,1
310,135,groceries,pants,12.09,9,2022-04-11 00:00:00,1027,New York,Debit Card,108.81,4
311,137,books,laptop,370.25,3,2023-08-30 00:00:00,1047,Illinois,Cash,1110.75,8
312,183,books,board game,417.9,19,2022-12-23 00:00:00,1099,Texas,Debit Card,7940.1,12
313,198,toys,action figure,371.54,5,2023-06-26 00:00:00,1039,Illinois,Cash,1857.7,6
314,188,toys,laptop,75.71,10,2022-02-02 00:00:00,1065,California,Cash,757.1,2
315,198,electronics,action figure,377.95,17,2022-08-17 00:00:00,1072,Illinois,Cash,6425.15,8
316,124,clothing,vegetable,385.62,15,2023-06-08 00:00:00,1086,California,PayPal,5784.3,6
317,192,toys,mobile,330.98,8,2023-09-22 00:00:00,1078,California,PayPal,2647.84,9
318,117,books,pants,384.23,15,2022-06-04 00:00:00,1076,California,Debit Card,5763.45,6
319,181,groceries,mobile,423.73,14,2023-02-27 00:00:00,1022,California,PayPal,5932.22,2
320,165,books,vegetable,308.73,7,2022-09-03 00:00:00,1080,California,Debit Card,2161.11,9
321,153,clothing,pants,48.86,12,2023-02-09 00:00:00,1047,Florida,Credit Card,586.32,2
322,134,books,shirt,246.38,17,2023-06-25 00:00:00,1001,Illinois,Credit Card,4188.46,6
323,179,electronics,shirt,43.44,17,2022-06-10 00:00:00,1083,Florida,PayPal,738.48,6
324,160,clothing,action figure,206.73,10,2023-12-03 00:00:00,1019,Florida,Credit Card,2067.3,12
325,140,groceries,vegetable,206.52,19,2022-04-27 00:00:00,1058,New York,Credit Card,3923.88,4
326,199,electronics,action figure,37.67,14,2022-09-28 00:00:00,1045,New York,Cash,527.38,9
327,132,clothing,fruit,177.67,11,2023-11-23 00:00:00,1002,New York,Cash,1954.37,11
328,167,groceries,laptop,59.94,2,2023-05-02 00:00:00,1054,Texas,Debit Card,119.88,5
329,132,electronics,non-fiction,405.08,18,2022-06-21 00:00:00,1011,New York,Credit Card,7291.44,6
330,113,electronics,fruit,474.11,7,2022-10-01 00:00:00,1039,Illinois,Debit Card,3318.77,10
331,120,clothing,laptop,40.8,12,2022-09-16 00:00:00,1065,Florida,Debit Card,489.6,9
332,147,toys,pants,477.78,2,2022-05-15 00:00:00,1099,Illinois,Credit Card,955.56,5
333,119,electronics,action figure,263.68,18,2023-11-14 00:00:00,1077,New York,PayPal,4746.24,11
334,107,electronics,pants,153.29,6,2023-12-23 00:00:00,1015,Texas,Credit Card,919.74,12
335,106,groceries,pants,43.05,10,2023-02-26 00:00:00,1082,Texas,Cash,430.5,2
336,166,books,laptop,252.81,15,2023-02-25 00:00:00,1033,Florida,Credit Card,3792.15,2
337,116,clothing,vegetable,398.29,5,2022-07-05 00:00:00,1043,Illinois,PayPal,1991.45,7
338,132,clothing,laptop,355.01,3,2022-12-30 00:00:00,1005,California,Debit Card,1065.03,12
339,147,toys,fiction,29.86,5,2023-08-30 00:00:00,1076,Illinois,Debit Card,149.3,8
340,175,toys,shirt,41.09,8,2023-01-13 00:00:00,1063,New York,Cash,328.72,1
341,158,clothing,shirt,204.42,8,2023-06-07 00:00:00,1099,California,Cash,1635.36,6
342,185,toys,fruit,151.17,8,2023-08-03 00:00:00,1021,Texas,Cash,1209.36,8
343,121,groceries,shirt,120.03,12,2023-12-23 00:00:00,1017,Florida,Debit Card,1440.36,12
344,129,clothing,laptop,144.1,8,2022-07-15 00:00:00,1011,Florida,Cash,1152.8,7
345,137,toys,board game,402.72,11,2022-04-08 00:00:00,1051,Texas,Credit Card,4429.92,4
346,150,clothing,action figure,464.97,14,2023-08-28 00:00:00,1093,New York,Debit Card,6509.58,8
347,153,books,laptop,205.53,8,2022-01-22 00:00:00,1050,Texas,PayPal,1644.24,1
348,107,electronics,laptop,453.52,10,2023-03-26 00:00:00,1070,New York,Debit Card,4535.2,3
349,126,clothing,non-fiction,164.14,7,2022-06-21 00:00:00,1095,California,Credit Card,1148.98,6
350,126,electronics,action figure,240.84,17,2023-01-18 00:00:00,1047,Texas,Credit Card,4094.28,1
351,197,toys,fiction,116.88,4,2022-05-14 00:00:00,1018,New York,Cash,467.52,5
352,120,electronics,shirt,322.04,13,2023-03-02 00:00:00,1005,California,Debit Card,4186.52,3
353,129,clothing,action figure,489.6,4,2022-01-25 00:00:00,1083,Texas,Debit Card,1958.4,1
354,196,books,shirt,303.73,5,2023-05-18 00:00:00,1026,Florida,Debit Card,1518.65,5
355,127,toys,fruit,182.12,4,2022-07-04 00:00:00,1052,Texas,PayPal,728.48,7
356,163,clothing,action figure,325.67,18,2022-03-26 00:00:00,1047,Illinois,Cash,5862.06,3
357,196,toys,shirt,65.85,6,2023-07-21 00:00:00,1006,Texas,Credit Card,395.1,7
358,168,groceries,fiction,444.89,2,2022-05-24 00:00:00,1058,Illinois,Credit Card,889.78,5
359,160,electronics,mobile,254.03,11,2023-11-10 00:00:00,1068,California,Cash,2794.33,11
360,147,groceries,pants,227.43,14,2023-02-16 00:00:00,1010,Texas,Credit Card,3184.02,2
361,118,clothing,pants,295,5,2022-08-12 00:00:00,1014,California,Credit Card,1475,8
362,103,books,fiction,314.27,6,2022-08-08 00:00:00,1063,California,Cash,1885.62,8
363,134,toys,non-fiction,40.53,10,2022-06-28 00:00:00,1002,New York,Credit Card,405.3,6
364,163,electronics,mobile,342.9,8,2023-09-23 00:00:00,1068,California,Debit Card,2743.2,9
365,148,toys,fruit,124.76,14,2023-03-09 00:00:00,1022,California,PayPal,1746.64,3
366,116,clothing,fiction,358.41,3,2022-09-22 00:00:00,1052,Texas,Cash,1075.23,9
367,143,toys,pants,412.15,12,2023-03-05 00:00:00,1036,Texas,PayPal,4945.8,3
368,191,electronics,pants,402.96,16,2023-10-24 00:00:00,1008,Florida,Credit Card,6447.36,10
369,129,clothing,pants,278.49,17,2023-02-20 00:00:00,1014,New York,Credit Card,4734.33,2
370,192,toys,vegetable,262.48,1,2023-03-29 00:00:00,1002,California,Debit Card,262.48,3
371,145,books,fiction,75.72,10,2023-12-28 00:00:00,1092,New York,Cash,757.2,12
372,105,clothing,laptop,388.8,10,2022-07-16 00:00:00,1069,Illinois,Credit Card,3888,7
373,198,clothing,fruit,139.35,2,2023-07-08 00:00:00,1016,California,Cash,278.7,7
374,136,books,pants,250.86,9,2022-02-22 00:00:00,1025,New York,Cash,2257.74,2
375,123,groceries,shirt,145.72,13,2023-04-25 00:00:00,1020,Florida,Cash,1894.36,4
376,192,electronics,fiction,71.25,16,2023-03-19 00:00:00,1071,Florida,Cash,1140,3
377,145,groceries,vegetable,316.63,18,2022-11-26 00:00:00,1020,California,Cash,5699.34,11
378,152,toys,fiction,31.89,19,2022-09-08 00:00:00,1010,Illinois,PayPal,605.91,9
379,194,books,fruit,375.58,12,2022-05-03 00:00:00,1037,Florida,Debit Card,4506.96,5
380,198,groceries,vegetable,162.21,8,2023-01-22 00:00:00,1071,Florida,Cash,1297.68,1
381,159,clothing,fruit,5.07,17,2022-12-05 00:00:00,1087,Illinois,PayPal,86.19,12
382,196,toys,fiction,258.01,15,2022-12-14 00:00:00,1034,New York,Credit Card,3870.15,12
383,162,toys,laptop,28.19,10,2022-01-29 00:00:00,1013,Florida,Cash,281.9,1
384,184,groceries,fruit,141.7,15,2022-02-04 00:00:00,1013,Texas,Credit Card,2125.5,2
385,131,groceries,vegetable,354.95,15,2023-06-02 00:00:00,1009,Florida,Cash,5324.25,6
386,186,books,vegetable,36.03,7,2023-01-31 00:00:00,1011,New York,PayPal,252.21,1
387,132,electronics,fruit,420.47,13,2023-09-15 00:00:00,1037,New York,PayPal,5466.11,9
388,166,groceries,board game,6.89,17,2022-10-21 00:00:00,1033,California,PayPal,117.13,10
389,117,groceries,fiction,127.18,9,2023-08-12 00:00:00,1040,Texas,Debit Card,1144.62,8
390,124,clothing,board game,371.75,8,2022-12-15 00:00:00,1009,New York,Credit Card,2974,12
391,194,toys,non-fiction,161.55,18,2022-05-27 00:00:00,1016,Illinois,Debit Card,2907.9,5
392,153,electronics,fiction,55.44,13,2022-03-08 00:00:00,1016,Texas,Cash,720.72,3
393,157,clothing,fruit,183.32,16,2023-06-04 00:00:00,1066,Texas,Credit Card,2933.12,6
394,166,books,mobile,138.84,9,2022-05-02 00:00:00,1061,Illinois,PayPal,1249.56,5
395,145,books,fruit,422.14,12,2022-12-06 00:00:00,1094,Florida,Credit Card,5065.68,12
396,123,groceries,board game,160.11,12,2022-06-24 00:00:00,1000,Illinois,PayPal,1921.32,6
397,131,groceries,laptop,395.52,6,2023-11-22 00:00:00,1011,Illinois,Debit Card,2373.12,11
398,146,books,fruit,446.48,19,2023-08-20 00:00:00,1003,Florida,Debit Card,8483.12,8
399,185,groceries,fruit,219.74,7,2023-03-27 00:00:00,1041,Florida,PayPal,1538.18,3
400,122,electronics,laptop,455.42,3,2023-07-11 00:00:00,1012,Florida,PayPal,1366.26,7
401,165,groceries,fruit,191.77,16,2022-05-16 00:00:00,1097,Florida,Cash,3068.32,5
402,126,toys,pants,482.22,18,2022-01-16 00:00:00,1084,Florida,Debit Card,8679.96,1
403,101,groceries,mobile,49.2,16,2022-11-29 00:00:00,1085,Illinois,Debit Card,787.2,11
404,189,clothing,shirt,345.07,7,2022-07-14 00:00:00,1003,California,Cash,2415.49,7
405,116,electronics,mobile,249.44,4,2023-05-11 00:00:00,1081,California,Debit Card,997.76,5
406,132,clothing,fruit,196.89,8,2022-01-09 00:00:00,1068,New York,PayPal,1575.12,1
407,108,clothing,pants,318.19,13,2022-11-30 00:00:00,1018,California,Credit Card,4136.47,11
408,142,toys,fiction,353.41,13,2022-11-29 00:00:00,1001,California,Credit Card,4594.33,11
409,147,electronics,fruit,7.16,17,2022-11-23 00:00:00,1011,Illinois,Debit Card,121.72,11
410,138,electronics,board game,87.64,17,2022-01-15 00:00:00,1080,Florida,Cash,1489.88,1
411,192,electronics,pants,357.96,5,2023-09-06 00:00:00,1073,Florida,PayPal,1789.8,9
412,141,electronics,laptop,334.86,6,2022-08-14 00:00:00,1097,Illinois,Credit Card,2009.16,8
413,125,electronics,pants,483.19,19,2023-03-01 00:00:00,1005,California,PayPal,9180.61,3
414,198,toys,laptop,381.71,13,2023-02-12 00:00:00,1007,Illinois,Debit Card,4962.23,2
415,149,groceries,non-fiction,475.63,14,2022-04-23 00:00:00,1050,New York,Debit Card,6658.82,4
416,124,clothing,shirt,352.76,4,2023-03-04 00:00:00,1010,Florida,Credit Card,1411.04,3
417,123,electronics,action figure,152.54,7,2022-01-01 00:00:00,1062,Texas,Debit Card,1067.78,1
418,112,groceries,pants,57.16,8,2022-09-23 00:00:00,1056,New York,Cash,457.28,9
419,159,groceries,vegetable,392,13,2023-05-06 00:00:00,1011,New York,Debit Card,5096,5
420,106,clothing,board game,323.85,6,2022-07-27 00:00:00,1072,Illinois,Debit Card,1943.1,7
421,156,toys,fruit,28.85,6,2023-09-14 00:00:00,1001,California,Debit Card,173.1,9
422,135,books,board game,183.22,3,2023-12-13 00:00:00,1007,Florida,PayPal,549.66,12
423,144,books,mobile,478.62,3,2023-01-04 00:00:00,1010,Texas,PayPal,1435.86,1
424,119,groceries,action figure,252.7,13,2022-11-02 00:00:00,1052,New York,Credit Card,3285.1,11
425,164,clothing,mobile,219.2,2,2022-01-12 00:00:00,1099,Texas,Credit Card,438.4,1
426,107,books,non-fiction,231.56,16,2022-12-11 00:00:00,1009,California,Credit Card,3704.96,12
427,115,groceries,action figure,108.4,6,2023-04-10 00:00:00,1084,California,Debit Card,650.4,4
428,113,toys,action figure,187.51,8,2023-12-01 00:00:00,1083,Texas,PayPal,1500.08,12
429,175,books,mobile,188.06,8,2023-10-28 00:00:00,1007,Florida,Cash,1504.48,10
430,186,groceries,laptop,30.92,6,2023-05-09 00:00:00,1035,California,Debit Card,185.52,5
431,114,groceries,mobile,384.95,14,2023-01-03 00:00:00,1092,Texas,Debit Card,5389.3,1
432,191,electronics,board game,211.17,3,2023-02-24 00:00:00,1075,New York,Debit Card,633.51,2
433,197,toys,laptop,411.98,10,2022-06-20 00:00:00,1013,Texas,Cash,4119.8,6
434,165,electronics,board game,425.92,3,2022-05-14 00:00:00,1053,Texas,Credit Card,1277.76,5
435,131,clothing,non-fiction,109.94,12,2023-03-03 00:00:00,1084,Illinois,Cash,1319.28,3
436,186,electronics,fruit,330.39,17,2022-01-25 00:00:00,1085,California,Credit Card,5616.63,1
437,162,electronics,fiction,238.78,5,2023-06-14 00:00:00,1020,Florida,Cash,1193.9,6
438,185,books,laptop,440.68,9,2022-07-09 00:00:00,1049,Florida,PayPal,3966.12,7
439,150,groceries,non-fiction,111.79,7,2022-05-21 00:00:00,1093,Illinois,Debit Card,782.53,5
440,124,toys,vegetable,340.52,4,2023-07-09 00:00:00,1038,Florida,Debit Card,1362.08,7
441,157,electronics,non-fiction,305.84,13,2023-10-20 00:00:00,1019,Texas,Debit Card,3975.92,10
442,162,toys,mobile,151.17,13,2022-11-11 00:00:00,1087,Illinois,Credit Card,1965.21,11
443,161,electronics,mobile,72.62,10,2023-03-20 00:00:00,1086,New York,Cash,726.2,3
444,121,clothing,fiction,327.56,18,2022-11-15 00:00:00,1006,California,PayPal,5896.08,11
445,157,electronics,non-fiction,370.61,17,2023-03-17 00:00:00,1008,California,Cash,6300.37,3
446,157,books,shirt,161.24,13,2022-04-02 00:00:00,1000,California,Debit Card,2096.12,4
447,185,groceries,fruit,324.19,17,2022-06-28 00:00:00,1025,Texas,PayPal,5511.23,6
448,148,clothing,mobile,200.59,4,2022-02-25 00:00:00,1037,New York,PayPal,802.36,2
449,151,electronics,fiction,358.04,1,2022-06-04 00:00:00,1037,Illinois,Debit Card,358.04,6
450,141,toys,fruit,103.61,1,2023-11-03 00:00:00,1060,Illinois,Cash,103.61,11
451,169,clothing,non-fiction,445.66,15,2022-04-21 00:00:00,1043,California,Debit Card,6684.9,4
452,114,clothing,non-fiction,147.27,13,2022-05-17 00:00:00,1085,New York,Cash,1914.51,5
453,153,electronics,action figure,187.05,17,2022-08-20 00:00:00,1043,New York,PayPal,3179.85,8
454,159,clothing,fiction,33.76,8,2023-04-13 00:00:00,1073,New York,PayPal,270.08,4
455,196,toys,mobile,60.2,18,2023-04-26 00:00:00,1061,Florida,Debit Card,1083.6,4
456,107,clothing,shirt,260.35,13,2022-03-09 00:00:00,1005,Florida,PayPal,3384.55,3
457,152,toys,non-fiction,137.46,14,2022-09-06 00:00:00,1016,California,Credit Card,1924.44,9
458,159,electronics,shirt,418.56,8,2022-11-19 00:00:00,1050,New York,PayPal,3348.48,11
459,104,groceries,non-fiction,12.27,8,2023-06-02 00:00:00,1037,New York,Credit Card,98.16,6
460,167,clothing,mobile,192.65,15,2023-03-08 00:00:00,1023,Illinois,PayPal,2889.75,3
461,105,groceries,fruit,171.99,13,2023-05-02 00:00:00,1050,Illinois,Debit Card,2235.87,5
462,195,toys,pants,14.57,7,2023-08-29 00:00:00,1009,California,Debit Card,101.99,8
463,193,clothing,fruit,66.56,5,2023-03-05 00:00:00,1071,New York,Credit Card,332.8,3
464,146,books,non-fiction,209.75,17,2022-09-26 00:00:00,1020,California,Debit Card,3565.75,9
465,198,groceries,board game,248.97,16,2023-12-10 00:00:00,1069,Illinois,PayPal,3983.52,12
466,154,clothing,pants,205.12,2,2023-06-21 00:00:00,1084,Illinois,PayPal,410.24,6
467,139,groceries,pants,267.81,18,2022-05-28 00:00:00,1056,Florida,Debit Card,4820.58,5
468,151,clothing,shirt,299.59,17,2022-04-28 00:00:00,1038,California,PayPal,5093.03,4
469,115,electronics,fiction,9.91,7,2023-01-02 00:00:00,1087,California,Cash,69.37,1
470,112,groceries,shirt,234.73,13,2022-03-07 00:00:00,1032,New York,Cash,3051.49,3
471,129,books,shirt,481.93,18,2023-01-05 00:00:00,1058,New York,PayPal,8674.74,1
472,118,books,board game,261.92,14,2022-06-24 00:00:00,1017,Florida,Debit Card,3666.88,6
473,116,toys,fruit,340.38,18,2023-08-11 00:00:00,1055,Texas,Credit Card,6126.84,8
474,162,clothing,fruit,159.37,13,2023-05-10 00:00:00,1091,Texas,Debit Card,2071.81,5
475,118,groceries,vegetable,388.13,11,2022-04-24 00:00:00,1056,Texas,Credit Card,4269.43,4
476,191,toys,non-fiction,387.6,16,2022-04-21 00:00:00,1095,California,Debit Card,6201.6,4
477,157,groceries,board game,263.04,17,2023-03-15 00:00:00,1075,California,PayPal,4471.68,3
478,154,clothing,vegetable,488.13,8,2023-12-16 00:00:00,1047,Illinois,Cash,3905.04,12
479,189,books,mobile,67.15,19,2022-05-27 00:00:00,1041,California,Debit Card,1275.85,5
480,189,electronics,non-fiction,13.39,15,2022-02-04 00:00:00,1026,California,Credit Card,200.85,2
481,161,books,non-fiction,386.23,9,2022-11-05 00:00:00,1073,California,Cash,3476.07,11
482,122,toys,action figure,404.54,10,2023-06-22 00:00:00,1051,Florida,Credit Card,4045.4,6
483,108,electronics,action figure,64.5,12,2022-01-14 00:00:00,1041,California,PayPal,774,1
484,111,toys,laptop,136.46,1,2023-01-09 00:00:00,1031,New York,Cash,136.46,1
485,100,clothing,laptop,13.69,9,2023-07-11 00:00:00,1025,New York,Credit Card,123.21,7
486,157,electronics,shirt,150.19,15,2023-03-04 00:00:00,1024,Illinois,Debit Card,2252.85,3
487,100,toys,mobile,387.71,1,2023-12-29 00:00:00,1074,Florida,PayPal,387.71,12
488,133,clothing,pants,261.39,12,2022-08-21 00:00:00,1022,New York,PayPal,3136.68,8
489,195,books,pants,177.31,3,2023-12-06 00:00:00,1097,Florida,PayPal,531.93,12
490,147,clothing,action figure,189.01,11,2023-07-17 00:00:00,1056,Florida,Debit Card,2079.11,7
491,188,groceries,action figure,5.67,2,2023-12-27 00:00:00,1051,Illinois,Debit Card,11.34,12
492,100,clothing,action figure,153.4,16,2023-10-25 00:00:00,1086,Florida,Cash,2454.4,10
493,115,clothing,board game,325,9,2023-03-16 00:00:00,1092,California,Debit Card,2925,3
494,160,groceries,fiction,487.23,15,2023-05-17 00:00:00,1030,Florida,Cash,7308.45,5
495,163,toys,laptop,424.3,12,2022-10-02 00:00:00,1063,Illinois,PayPal,5091.6,10
496,162,toys,board game,16.68,1,2022-03-17 00:00:00,1070,Illinois,Cash,16.68,3
497,168,clothing,fruit,449.79,13,2023-03-15 00:00:00,1032,Illinois,Credit Card,5847.27,3
498,121,groceries,pants,392.68,14,2023-11-30 00:00:00,1084,New York,PayPal,5497.52,11
499,192,groceries,non-fiction,391.29,8,2022-10-16 00:00:00,1001,California,PayPal,3130.32,10
500,166,books,laptop,231.71,8,2023-06-24 00:00:00,1017,New York,Cash,1853.68,6
501,175,toys,vegetable,202.01,12,2023-11-23 00:00:00,1046,Texas,PayPal,2424.12,11
502,125,electronics,fruit,154.94,1,2022-09-10 00:00:00,1032,California,Debit Card,154.94,9
503,115,toys,laptop,37.52,11,2022-05-06 00:00:00,1097,Florida,Credit Card,412.72,5
504,150,toys,board game,117.98,8,2022-06-26 00:00:00,1083,Illinois,Cash,943.84,6
505,185,books,mobile,127.07,10,2022-02-06 00:00:00,1034,Texas,Cash,1270.7,2
506,156,electronics,non-fiction,244.62,19,2023-02-14 00:00:00,1050,California,PayPal,4647.78,2
507,128,books,laptop,374.98,11,2023-09-03 00:00:00,1017,New York,Debit Card,4124.78,9
508,177,electronics,fiction,239.54,7,2023-09-02 00:00:00,1087,Illinois,PayPal,1676.78,9
509,191,clothing,action figure,33.63,11,2022-05-07 00:00:00,1071,New York,PayPal,369.93,5
510,168,electronics,action figure,479.11,17,2023-04-28 00:00:00,1029,California,Cash,8144.87,4
511,146,books,non-fiction,471.65,1,2022-06-17 00:00:00,1043,California,PayPal,471.65,6
512,193,toys,board game,393.67,8,2023-08-15 00:00:00,1052,Texas,Credit Card,3149.36,8
513,161,electronics,action figure,495.71,6,2022-10-21 00:00:00,1009,Florida,PayPal,2974.26,10
514,168,electronics,laptop,274.52,18,2023-09-30 00:00:00,1086,New York,PayPal,4941.36,9
515,175,groceries,vegetable,481.57,6,2022-12-09 00:00:00,1051,Texas,Cash,2889.42,12
516,115,toys,pants,42.42,5,2022-11-06 00:00:00,1048,Illinois,PayPal,212.1,11
517,189,clothing,pants,186.01,13,2023-10-24 00:00:00,1010,Florida,Debit Card,2418.13,10
518,189,books,fruit,116.56,19,2023-06-12 00:00:00,1065,Texas,Cash,2214.64,6
519,147,clothing,shirt,101.94,8,2023-06-24 00:00:00,1057,New York,PayPal,815.52,6
520,184,toys,mobile,74.7,9,2023-02-23 00:00:00,1089,California,Credit Card,672.3,2
521,138,electronics,non-fiction,313.09,17,2023-03-20 00:00:00,1035,Illinois,Credit Card,5322.53,3
522,199,electronics,fruit,391.75,3,2023-11-16 00:00:00,1032,New York,Cash,1175.25,11
523,132,toys,shirt,291.26,19,2023-07-12 00:00:00,1046,Florida,Cash,5533.94,7
524,193,electronics,board game,77.75,11,2022-08-24 00:00:00,1012,Florida,PayPal,855.25,8
525,122,electronics,fiction,406.51,17,2023-03-15 00:00:00,1039,California,Debit Card,6910.67,3
526,109,electronics,fiction,319.8,19,2022-08-02 00:00:00,1088,California,PayPal,6076.2,8
527,168,books,mobile,197.14,2,2022-03-26 00:00:00,1067,Illinois,Credit Card,394.28,3
528,199,books,action figure,338.69,8,2022-03-26 00:00:00,1041,Illinois,Debit Card,2709.52,3
529,133,groceries,laptop,133.65,19,2023-05-04 00:00:00,1018,California,Debit Card,2539.35,5
530,151,clothing,fruit,175.87,7,2022-03-06 00:00:00,1081,California,Debit Card,1231.09,3
531,194,toys,fruit,459.16,17,2023-10-08 00:00:00,1093,Florida,PayPal,7805.72,10
532,109,toys,non-fiction,148.8,6,2023-10-25 00:00:00,1018,California,Credit Card,892.8,10
533,118,toys,non-fiction,237.64,19,2023-09-19 00:00:00,1057,Texas,Cash,4515.16,9
534,157,groceries,fiction,445.62,6,2022-03-05 00:00:00,1022,New York,PayPal,2673.72,3
535,195,books,fiction,355.32,2,2022-12-09 00:00:00,1053,California,Cash,710.64,12
536,100,groceries,vegetable,35.79,6,2022-12-18 00:00:00,1079,Illinois,Debit Card,214.74,12
537,168,toys,vegetable,77.92,5,2022-06-07 00:00:00,1064,Texas,Debit Card,389.6,6
538,103,clothing,action figure,8.88,19,2023-08-12 00:00:00,1011,Illinois,PayPal,168.72,8
539,115,electronics,vegetable,317.31,4,2023-05-06 00:00:00,1023,Texas,Credit Card,1269.24,5
540,123,books,laptop,226.6,17,2023-10-20 00:00:00,1033,California,Debit Card,3852.2,10
541,179,books,laptop,71.47,11,2023-04-08 00:00:00,1052,New York,Cash,786.17,4
542,101,groceries,fruit,479.18,4,2022-08-13 00:00:00,1007,Illinois,Cash,1916.72,8
543,191,books,pants,267.18,13,2022-11-09 00:00:00,1017,Texas,PayPal,3473.34,11
544,131,toys,laptop,124.74,17,2023-09-07 00:00:00,1056,Florida,Cash,2120.58,9
545,190,toys,shirt,252.8,9,2023-04-11 00:00:00,1004,California,Credit Card,2275.2,4
546,183,groceries,fiction,341.41,4,2022-03-29 00:00:00,1025,New York,Debit Card,1365.64,3
547,123,toys,non-fiction,42.74,14,2022-10-30 00:00:00,1029,California,Cash,598.36,10
548,111,clothing,vegetable,140.98,19,2023-11-11 00:00:00,1053,Florida,Cash,2678.62,11
549,149,groceries,fruit,404.45,3,2023-03-11 00:00:00,1012,New York,Debit Card,1213.35,3
550,134,clothing,mobile,232.53,14,2023-11-13 00:00:00,1082,Florida,PayPal,3255.42,11
551,132,electronics,non-fiction,275.56,8,2022-05-15 00:00:00,1028,California,Cash,2204.48,5
552,132,clothing,shirt,219.24,1,2022-02-19 00:00:00,1002,Texas,PayPal,219.24,2
553,160,electronics,vegetable,26.73,10,2023-03-08 00:00:00,1089,California,PayPal,267.3,3
554,150,electronics,shirt,87.05,18,2022-12-06 00:00:00,1057,California,Cash,1566.9,12
555,142,clothing,fiction,225.54,16,2022-12-13 00:00:00,1075,California,Credit Card,3608.64,12
556,111,groceries,fiction,108.55,8,2023-10-08 00:00:00,1001,Illinois,PayPal,868.4,10
557,166,toys,action figure,29.74,1,2022-12-13 00:00:00,1074,Florida,Cash,29.74,12
558,164,toys,fruit,422.61,12,2023-10-11 00:00:00,1027,Florida,PayPal,5071.32,10
559,132,electronics,non-fiction,490.69,8,2022-09-02 00:00:00,1081,Florida,Debit Card,3925.52,9
560,139,electronics,board game,397.61,16,2022-04-19 00:00:00,1076,Illinois,Credit Card,6361.76,4
561,173,groceries,board game,427.62,18,2023-06-17 00:00:00,1085,Texas,Credit Card,7697.16,6
562,142,books,non-fiction,124.78,4,2022-03-31 00:00:00,1075,California,Debit Card,499.12,3
563,143,clothing,mobile,480.51,6,2022-10-23 00:00:00,1001,Texas,Debit Card,2883.06,10
564,128,electronics,fruit,102.48,12,2022-04-22 00:00:00,1006,Illinois,PayPal,1229.76,4
565,112,toys,shirt,475.96,9,2023-08-12 00:00:00,1025,Florida,Debit Card,4283.64,8
566,111,groceries,mobile,497.44,15,2022-06-26 00:00:00,1089,California,Credit Card,7461.6,6
567,194,clothing,pants,357.3,16,2022-12-09 00:00:00,1087,New York,Debit Card,5716.8,12
568,145,groceries,non-fiction,490.67,12,2023-10-22 00:00:00,1075,New York,Cash,5888.04,10
569,101,clothing,shirt,286.92,14,2022-04-11 00:00:00,1015,Texas,Cash,4016.88,4
570,134,clothing,board game,133.47,13,2023-09-21 00:00:00,1022,Florida,PayPal,1735.11,9
571,186,electronics,laptop,221.31,2,2023-08-27 00:00:00,1039,New York,Credit Card,442.62,8
572,180,groceries,action figure,298.81,3,2023-02-05 00:00:00,1059,Texas,Cash,896.43,2
573,189,groceries,board game,41.18,10,2022-01-28 00:00:00,1072,Illinois,Debit Card,411.8,1
574,107,toys,fruit,313.06,9,2023-06-21 00:00:00,1031,Texas,Cash,2817.54,6
575,192,toys,fiction,490.68,8,2022-02-27 00:00:00,1014,Texas,Cash,3925.44,2
576,125,electronics,laptop,99.1,10,2023-05-13 00:00:00,1012,Texas,PayPal,991,5
577,173,electronics,action figure,397.33,19,2022-10-24 00:00:00,1004,California,Debit Card,7549.27,10
578,189,books,action figure,454.41,3,2022-05-14 00:00:00,1074,Texas,Debit Card,1363.23,5
579,133,toys,pants,472.13,5,2022-11-27 00:00:00,1073,Texas,Debit Card,2360.65,11
580,106,clothing,pants,480.27,3,2022-09-06 00:00:00,1051,California,PayPal,1440.81,9
581,167,groceries,vegetable,263.12,16,2023-07-04 00:00:00,1076,California,Debit Card,4209.92,7
582,157,electronics,board game,488.77,17,2022-03-16 00:00:00,1040,Illinois,Debit Card,8309.09,3
583,174,groceries,board game,379.87,15,2023-10-16 00:00:00,1052,Florida,Cash,5698.05,10
584,128,groceries,board game,85.03,3,2022-06-17 00:00:00,1049,New York,Cash,255.09,6
585,135,books,vegetable,241.07,12,2023-05-18 00:00:00,1014,New York,Debit Card,2892.84,5
586,188,toys,mobile,360.57,9,2022-12-21 00:00:00,1006,Texas,Credit Card,3245.13,12
587,120,electronics,action figure,127.43,12,2022-08-13 00:00:00,1039,Illinois,Credit Card,1529.16,8
588,135,groceries,laptop,322.1,15,2023-10-26 00:00:00,1027,Texas,Debit Card,4831.5,10
589,109,electronics,fruit,334.97,2,2023-06-15 00:00:00,1031,New York,Credit Card,669.94,6
590,172,clothing,action figure,85.54,18,2022-05-26 00:00:00,1098,California,PayPal,1539.72,5
591,123,books,pants,284.72,12,2022-08-29 00:00:00,1014,Florida,Cash,3416.64,8
592,163,clothing,shirt,386.96,4,2022-12-10 00:00:00,1099,Illinois,PayPal,1547.84,12
593,198,electronics,fiction,251.95,16,2022-02-04 00:00:00,1084,California,Cash,4031.2,2
594,148,electronics,vegetable,10.99,16,2023-12-03 00:00:00,1069,Florida,Credit Card,175.84,12
595,198,toys,non-fiction,9.47,1,2022-01-01 00:00:00,1064,Illinois,Credit Card,9.47,1
596,135,groceries,shirt,181.73,2,2022-06-02 00:00:00,1003,Illinois,Debit Card,363.46,6
597,181,groceries,fruit,463.47,3,2023-03-05 00:00:00,1010,New York,Credit Card,1390.41,3
598,195,clothing,board game,118.2,17,2023-05-23 00:00:00,1025,California,Credit Card,2009.4,5
599,123,books,pants,319.01,1,2022-05-06 00:00:00,1060,Illinois,Debit Card,319.01,5
600,122,groceries,pants,114.93,6,2023-05-06 00:00:00,1036,Illinois,Debit Card,689.58,5
601,161,toys,pants,164.23,15,2023-04-27 00:00:00,1022,Florida,Cash,2463.45,4
602,195,clothing,board game,424.78,14,2022-12-11 00:00:00,1092,New York,Credit Card,5946.92,12
603,136,clothing,non-fiction,365.79,15,2022-08-09 00:00:00,1084,Texas,Cash,5486.85,8
604,111,toys,vegetable,52.22,14,2023-12-24 00:00:00,1090,New York,Cash,731.08,12
605,154,books,shirt,217.21,5,2022-01-25 00:00:00,1039,Texas,PayPal,1086.05,1
606,112,toys,board game,19.44,6,2023-06-12 00:00:00,1076,California,Credit Card,116.64,6
607,122,books,fruit,243.04,17,2022-07-01 00:00:00,1022,California,Credit Card,4131.68,7
608,188,toys,vegetable,332.9,11,2023-05-14 00:00:00,1015,Illinois,PayPal,3661.9,5
609,198,toys,fruit,63.66,16,2023-10-03 00:00:00,1093,California,Cash,1018.56,10
610,129,electronics,vegetable,148,12,2022-02-11 00:00:00,1060,Illinois,Credit Card,1776,2
611,116,clothing,non-fiction,201.93,15,2023-04-26 00:00:00,1067,New York,Cash,3028.95,4
612,161,toys,fiction,460.17,4,2023-03-15 00:00:00,1079,California,PayPal,1840.68,3
613,183,toys,fruit,496.66,18,2023-02-06 00:00:00,1030,New York,Debit Card,8939.88,2
614,188,groceries,board game,27.23,3,2023-06-30 00:00:00,1052,New York,Cash,81.69,6
615,185,clothing,vegetable,381.7,8,2022-12-11 00:00:00,1024,California,Credit Card,3053.6,12
616,112,groceries,pants,189,3,2022-02-14 00:00:00,1043,New York,Debit Card,567,2
617,158,clothing,action figure,199.27,8,2023-10-08 00:00:00,1011,California,Cash,1594.16,10
618,118,groceries,pants,378.36,18,2022-01-21 00:00:00,1089,California,Cash,6810.48,1
619,148,toys,mobile,459.62,10,2023-09-26 00:00:00,1096,California,Debit Card,4596.2,9
620,199,toys,fiction,475.71,17,2022-03-11 00:00:00,1091,Texas,Debit Card,8087.07,3
621,111,electronics,fiction,290.68,8,2022-02-17 00:00:00,1008,New York,Debit Card,2325.44,2
622,160,groceries,pants,181.77,11,2023-05-06 00:00:00,1011,Florida,Credit Card,1999.47,5
623,118,books,shirt,394.84,5,2023-07-05 00:00:00,1068,California,Credit Card,1974.2,7
624,175,electronics,non-fiction,129.25,13,2022-10-14 00:00:00,1053,New York,Cash,1680.25,10
625,108,groceries,fruit,284.22,5,2022-01-10 00:00:00,1053,Illinois,Cash,1421.1,1
626,170,groceries,board game,182.5,13,2023-06-26 00:00:00,1027,California,PayPal,2372.5,6
627,127,electronics,fiction,330.03,6,2022-10-01 00:00:00,1055,California,Credit Card,1980.18,10
628,177,toys,pants,124,5,2023-08-23 00:00:00,1098,Florida,Cash,620,8
629,194,groceries,pants,99.84,9,2023-01-16 00:00:00,1068,Texas,Debit Card,898.56,1
630,151,toys,non-fiction,459.53,16,2022-11-25 00:00:00,1097,Texas,Debit Card,7352.48,11
631,182,electronics,non-fiction,55.39,2,2023-04-24 00:00:00,1097,California,Credit Card,110.78,4
632,115,toys,laptop,255.45,1,2022-01-15 00:00:00,1076,New York,Debit Card,255.45,1
633,168,clothing,laptop,114.32,8,2023-05-31 00:00:00,1057,Illinois,PayPal,914.56,5
634,198,books,shirt,24.27,19,2022-07-10 00:00:00,1077,Illinois,Cash,461.13,7
635,111,groceries,shirt,22.83,11,2022-06-17 00:00:00,1074,New York,Cash,251.13,6
636,124,books,mobile,91.73,12,2023-06-05 00:00:00,1041,California,Cash,1100.76,6
637,151,toys,shirt,434.05,12,2023-09-13 00:00:00,1037,Illinois,Credit Card,5208.6,9
638,184,groceries,vegetable,144.83,7,2022-05-17 00:00:00,1067,Texas,Debit Card,1013.81,5
639,199,toys,non-fiction,475.48,13,2022-06-03 00:00:00,1052,New York,PayPal,6181.24,6
640,152,clothing,board game,292.9,8,2023-01-23 00:00:00,1032,Florida,Credit Card,2343.2,1
641,122,electronics,vegetable,221.12,9,2022-07-28 00:00:00,1070,California,Cash,1990.08,7
642,115,groceries,fruit,292.14,7,2022-09-29 00:00:00,1055,New York,PayPal,2044.98,9
643,156,clothing,pants,260.77,15,2022-05-23 00:00:00,1071,Illinois,Cash,3911.55,5
644,138,clothing,shirt,380.59,2,2023-09-03 00:00:00,1050,California,Cash,761.18,9
645,152,groceries,pants,144.84,12,2022-03-10 00:00:00,1073,Texas,Credit Card,1738.08,3
646,141,toys,fiction,179.76,1,2022-09-04 00:00:00,1042,California,Cash,179.76,9
647,157,clothing,mobile,447.58,8,2022-09-18 00:00:00,1014,California,PayPal,3580.64,9
648,138,books,fiction,473.5,5,2022-03-20 00:00:00,1037,Texas,Cash,2367.5,3
649,113,clothing,mobile,446.82,15,2023-10-20 00:00:00,1014,Texas,Debit Card,6702.3,10
650,194,toys,laptop,212.63,1,2023-09-15 00:00:00,1004,California,Cash,212.63,9
651,104,toys,pants,391.28,1,2023-08-28 00:00:00,1092,Texas,Credit Card,391.28,8
652,134,books,mobile,240.79,10,2023-06-09 00:00:00,1082,New York,PayPal,2407.9,6
653,186,clothing,action figure,251.28,10,2023-09-13 00:00:00,1053,Texas,Credit Card,2512.8,9
654,192,toys,vegetable,106.32,15,2022-11-26 00:00:00,1050,Texas,Debit Card,1594.8,11
655,174,groceries,mobile,297.61,17,2022-07-08 00:00:00,1009,California,Cash,5059.37,7
656,117,electronics,mobile,97.14,6,2022-04-05 00:00:00,1011,New York,Credit Card,582.84,4
657,175,electronics,vegetable,169.12,3,2023-09-09 00:00:00,1003,Florida,Credit Card,507.36,9
658,108,electronics,pants,428.24,13,2022-01-08 00:00:00,1094,Florida,Credit Card,5567.12,1
659,173,clothing,pants,107.5,16,2022-03-08 00:00:00,1017,Illinois,Credit Card,1720,3
660,157,books,vegetable,40.22,8,2023-05-11 00:00:00,1079,Texas,Debit Card,321.76,5
661,116,toys,fiction,39.16,15,2022-07-10 00:00:00,1035,Texas,Debit Card,587.4,7
662,106,groceries,action figure,470.69,17,2023-01-01 00:00:00,1024,New York,Cash,8001.73,1
663,145,groceries,board game,255.93,17,2023-06-05 00:00:00,1086,Florida,Cash,4350.81,6
664,112,clothing,fruit,207.66,13,2022-04-27 00:00:00,1075,Illinois,PayPal,2699.58,4
665,139,electronics,action figure,406.38,17,2022-09-24 00:00:00,1097,New York,Debit Card,6908.46,9
666,141,clothing,pants,418.73,6,2023-09-03 00:00:00,1035,Texas,Credit Card,2512.38,9
667,108,books,board game,169.43,17,2023-04-30 00:00:00,1066,Florida,Credit Card,2880.31,4
668,149,books,laptop,348.34,16,2023-05-24 00:00:00,1008,Illinois,PayPal,5573.44,5
669,126,toys,shirt,386.71,14,2022-10-25 00:00:00,1060,California,Credit Card,5413.94,10
670,165,toys,mobile,329.05,13,2022-06-13 00:00:00,1052,Florida,PayPal,4277.65,6
671,104,books,vegetable,80.04,6,2023-01-11 00:00:00,1017,Illinois,Cash,480.24,1
672,128,books,vegetable,438.56,3,2023-10-15 00:00:00,1042,New York,Debit Card,1315.68,10
673,136,books,mobile,271.85,14,2022-09-25 00:00:00,1034,California,PayPal,3805.9,9
674,137,clothing,shirt,144.82,14,2023-07-03 00:00:00,1062,Illinois,Credit Card,2027.48,7
675,182,books,fruit,215.49,15,2022-03-15 00:00:00,1097,Illinois,PayPal,3232.35,3
676,107,groceries,shirt,23.6,8,2023-05-23 00:00:00,1077,Texas,Cash,188.8,5
677,164,electronics,board game,68.29,15,2022-03-14 00:00:00,1003,Florida,Credit Card,1024.35,3
678,185,books,shirt,383.95,13,2022-11-04 00:00:00,1092,Texas,Cash,4991.35,11
679,116,electronics,board game,5.01,17,2022-07-18 00:00:00,1040,California,Cash,85.17,7
680,170,clothing,shirt,211.2,3,2022-05-10 00:00:00,1044,Illinois,PayPal,633.6,5
681,188,electronics,fruit,263.64,6,2023-07-26 00:00:00,1049,Texas,Cash,1581.84,7
682,144,clothing,fruit,32.04,5,2023-09-07 00:00:00,1078,Florida,Credit Card,160.2,9
683,103,groceries,pants,486.67,17,2023-05-02 00:00:00,1027,California,Cash,8273.39,5
684,135,clothing,mobile,116.93,2,2022-05-31 00:00:00,1041,New York,Cash,233.86,5
685,169,clothing,fruit,155.58,15,2023-10-31 00:00:00,1079,Texas,PayPal,2333.7,10
686,130,toys,board game,155.45,5,2022-07-25 00:00:00,1075,California,Cash,777.25,7
687,118,books,fruit,119.06,6,2022-06-28 00:00:00,1068,New York,Debit Card,714.36,6
688,160,books,pants,5.73,6,2022-07-16 00:00:00,1097,Texas,PayPal,34.38,7
689,153,groceries,vegetable,366.03,18,2022-03-30 00:00:00,1000,California,PayPal,6588.54,3
690,138,groceries,board game,483.59,18,2023-03-10 00:00:00,1038,California,Credit Card,8704.62,3
691,190,books,pants,116.03,4,2022-07-02 00:00:00,1095,Texas,Credit Card,464.12,7
692,173,toys,fiction,333.21,17,2022-07-28 00:00:00,1089,California,Credit Card,5664.57,7
693,189,books,fiction,372.24,14,2023-05-08 00:00:00,1016,Illinois,Credit Card,5211.36,5
694,118,toys,laptop,424.97,14,2022-05-10 00:00:00,1090,Texas,Debit Card,5949.58,5
695,138,groceries,shirt,214.2,13,2023-10-27 00:00:00,1087,California,PayPal,2784.6,10
696,166,electronics,mobile,154.95,7,2022-01-13 00:00:00,1034,New York,Cash,1084.65,1
697,144,groceries,non-fiction,166.02,12,2023-09-26 00:00:00,1045,New York,Credit Card,1992.24,9
698,112,groceries,action figure,357.75,15,2022-04-16 00:00:00,1041,Illinois,Credit Card,5366.25,4
699,191,clothing,pants,409.31,19,2023-01-10 00:00:00,1038,Texas,Credit Card,7776.89,1
700,157,clothing,vegetable,94.9,11,2023-08-05 00:00:00,1089,California,Cash,1043.9,8
701,119,clothing,action figure,188.62,15,2023-12-08 00:00:00,1048,California,Credit Card,2829.3,12
702,191,clothing,vegetable,451.46,12,2023-11-29 00:00:00,1061,New York,Cash,5417.52,11
703,171,toys,action figure,404.31,3,2022-04-09 00:00:00,1037,Illinois,PayPal,1212.93,4
704,160,books,pants,492.5,17,2023-08-17 00:00:00,1022,New York,PayPal,8372.5,8
705,138,electronics,non-fiction,378.35,3,2023-08-10 00:00:00,1021,New York,PayPal,1135.05,8
706,100,groceries,action figure,199.63,19,2022-07-11 00:00:00,1003,Illinois,Debit Card,3792.97,7
707,102,toys,pants,297.37,4,2022-11-21 00:00:00,1048,Texas,Cash,1189.48,11
708,176,electronics,fruit,332.2,3,2023-12-27 00:00:00,1058,California,Credit Card,996.6,12
709,191,toys,non-fiction,43.84,16,2023-04-12 00:00:00,1072,Texas,Credit Card,701.44,4
710,161,toys,board game,274.53,12,2023-01-02 00:00:00,1067,Florida,Credit Card,3294.36,1
711,162,groceries,vegetable,356.11,8,2022-11-14 00:00:00,1070,Florida,Credit Card,2848.88,11
712,124,books,fiction,87.82,17,2022-05-24 00:00:00,1086,Florida,Debit Card,1492.94,5
713,155,clothing,shirt,391.41,7,2023-01-19 00:00:00,1001,Illinois,Credit Card,2739.87,1
714,132,books,fiction,293.97,11,2022-08-04 00:00:00,1048,New York,Debit Card,3233.67,8
715,137,groceries,non-fiction,476.35,18,2022-12-27 00:00:00,1087,Texas,Cash,8574.3,12
716,105,groceries,board game,26,1,2022-11-20 00:00:00,1094,California,PayPal,26,11
717,157,groceries,vegetable,136.34,3,2022-01-15 00:00:00,1030,Florida,Credit Card,409.02,1
718,143,electronics,board game,302.77,4,2022-08-05 00:00:00,1039,Texas,PayPal,1211.08,8
719,144,books,action figure,151.8,13,2023-05-07 00:00:00,1047,Florida,Cash,1973.4,5
720,131,books,vegetable,358.64,6,2023-07-01 00:00:00,1050,Florida,Cash,2151.84,7
721,144,toys,action figure,380.71,14,2022-07-02 00:00:00,1042,California,Credit Card,5329.94,7
722,160,toys,pants,55.75,5,2022-09-27 00:00:00,1097,Illinois,Cash,278.75,9
723,146,toys,non-fiction,259.36,16,2023-04-12 00:00:00,1054,New York,PayPal,4149.76,4
724,120,groceries,pants,256.9,15,2023-09-04 00:00:00,1087,Illinois,Credit Card,3853.5,9
725,179,books,laptop,187.79,15,2023-06-03 00:00:00,1048,Texas,Debit Card,2816.85,6
726,184,groceries,board game,466.8,4,2023-06-26 00:00:00,1089,Illinois,Credit Card,1867.2,6
727,174,electronics,action figure,414.62,8,2023-04-12 00:00:00,1079,Texas,PayPal,3316.96,4
728,135,toys,fruit,350.12,16,2022-11-01 00:00:00,1056,Texas,Credit Card,5601.92,11
729,198,groceries,pants,358.59,16,2022-05-24 00:00:00,1076,New York,Credit Card,5737.44,5
730,118,groceries,laptop,233.55,4,2022-04-21 00:00:00,1014,California,PayPal,934.2,4
731,119,electronics,mobile,460.89,13,2022-08-20 00:00:00,1026,New York,Credit Card,5991.57,8
732,156,clothing,fiction,348.82,13,2023-11-22 00:00:00,1067,Illinois,Credit Card,4534.66,11
733,117,books,vegetable,365.85,2,2023-08-07 00:00:00,1079,Texas,PayPal,731.7,8
734,146,clothing,laptop,431.54,3,2023-12-23 00:00:00,1063,Florida,Cash,1294.62,12
735,148,toys,non-fiction,140.67,8,2023-08-15 00:00:00,1093,Florida,PayPal,1125.36,8
736,113,groceries,pants,404.5,15,2023-05-15 00:00:00,1029,Texas,Credit Card,6067.5,5
737,114,electronics,non-fiction,101.64,11,2023-08-18 00:00:00,1035,New York,Debit Card,1118.04,8
738,130,electronics,fiction,175.94,9,2023-07-08 00:00:00,1066,California,Debit Card,1583.46,7
739,100,books,fruit,171.13,7,2022-09-30 00:00:00,1085,New York,PayPal,1197.91,9
740,153,clothing,board game,489.37,13,2023-12-04 00:00:00,1085,Texas,Debit Card,6361.81,12
741,102,books,board game,428.99,2,2022-06-22 00:00:00,1048,Texas,Credit Card,857.98,6
742,115,groceries,non-fiction,352.08,8,2022-01-07 00:00:00,1075,California,Credit Card,2816.64,1
743,186,books,action figure,364.89,7,2022-06-04 00:00:00,1054,Illinois,PayPal,2554.23,6
744,156,electronics,fruit,283.23,12,2023-06-06 00:00:00,1084,Illinois,Credit Card,3398.76,6
745,174,electronics,board game,473.81,19,2023-06-30 00:00:00,1055,California,Cash,9002.39,6
746,111,toys,fruit,250.65,7,2023-07-02 00:00:00,1067,Illinois,Credit Card,1754.55,7
747,173,toys,laptop,193.36,10,2023-06-02 00:00:00,1094,Florida,PayPal,1933.6,6
748,195,groceries,fruit,85.7,16,2022-08-03 00:00:00,1043,Illinois,Cash,1371.2,8
749,115,clothing,shirt,394.17,3,2022-05-14 00:00:00,1030,Illinois,Cash,1182.51,5
750,171,books,fiction,368.55,10,2022-10-12 00:00:00,1057,Illinois,Debit Card,3685.5,10
751,175,groceries,board game,195.26,6,2022-05-06 00:00:00,1086,Florida,Credit Card,1171.56,5
752,123,toys,fruit,17.47,18,2023-03-15 00:00:00,1052,Illinois,PayPal,314.46,3
753,127,books,non-fiction,420.3,18,2023-11-17 00:00:00,1083,Florida,Debit Card,7565.4,11
754,107,toys,mobile,10.65,5,2022-06-01 00:00:00,1078,California,Debit Card,53.25,6
755,191,books,shirt,353.33,7,2022-11-27 00:00:00,1022,New York,Credit Card,2473.31,11
756,135,clothing,shirt,485.28,2,2023-06-22 00:00:00,1027,California,Credit Card,970.56,6
757,189,groceries,action figure,221.64,11,2023-01-18 00:00:00,1015,New York,PayPal,2438.04,1
758,107,books,fruit,121.31,13,2022-04-25 00:00:00,1036,California,Debit Card,1577.03,4
759,157,electronics,action figure,353.91,5,2023-04-27 00:00:00,1020,New York,PayPal,1769.55,4
760,159,electronics,action figure,409.48,6,2022-10-11 00:00:00,1078,New York,Debit Card,2456.88,10
761,149,books,mobile,275.48,14,2022-03-16 00:00:00,1016,Texas,Debit Card,3856.72,3
762,127,books,laptop,483.68,12,2022-06-15 00:00:00,1036,New York,Debit Card,5804.16,6
763,191,books,fruit,30.58,4,2022-07-08 00:00:00,1076,New York,Credit Card,122.32,7
764,140,electronics,pants,254.87,6,2022-03-19 00:00:00,1018,Texas,Debit Card,1529.22,3
765,199,electronics,board game,360.63,10,2023-08-25 00:00:00,1029,Illinois,Debit Card,3606.3,8
766,163,books,action figure,432.01,18,2023-11-19 00:00:00,1044,Illinois,Debit Card,7776.18,11
767,126,toys,fiction,93.73,15,2022-01-21 00:00:00,1017,Texas,Cash,1405.95,1
768,162,toys,vegetable,401,8,2023-07-20 00:00:00,1077,Florida,Credit Card,3208,7
769,116,clothing,fiction,278.59,9,2022-07-03 00:00:00,1061,New York,Cash,2507.31,7
770,172,groceries,mobile,201.29,5,2022-08-10 00:00:00,1035,New York,Credit Card,1006.45,8
771,132,toys,mobile,70.2,10,2022-11-24 00:00:00,1099,Texas,PayPal,702,11
772,183,electronics,non-fiction,433.32,6,2022-06-28 00:00:00,1083,Texas,Cash,2599.92,6
773,176,toys,laptop,82.85,16,2022-04-22 00:00:00,1051,Florida,PayPal,1325.6,4
774,191,clothing,board game,158.34,3,2023-12-27 00:00:00,1018,Illinois,Debit Card,475.02,12
775,128,clothing,action figure,148.57,10,2022-02-28 00:00:00,1043,California,PayPal,1485.7,2
776,112,groceries,fiction,436.35,11,2022-11-23 00:00:00,1006,Illinois,PayPal,4799.85,11
777,145,toys,vegetable,337.99,11,2023-09-13 00:00:00,1043,New York,PayPal,3717.89,9
778,134,electronics,mobile,399.36,17,2023-10-31 00:00:00,1067,Texas,PayPal,6789.12,10
779,105,electronics,mobile,128.98,4,2022-07-10 00:00:00,1033,Florida,Credit Card,515.92,7
780,181,books,laptop,314.31,4,2022-07-19 00:00:00,1065,Illinois,Cash,1257.24,7
781,168,electronics,vegetable,288.01,17,2022-11-08 00:00:00,1068,Florida,Credit Card,4896.17,11
782,146,groceries,vegetable,417.25,9,2023-12-09 00:00:00,1054,Illinois,Credit Card,3755.25,12
783,124,groceries,laptop,453.51,19,2022-02-04 00:00:00,1009,New York,Credit Card,8616.69,2
784,165,electronics,mobile,11.02,5,2023-01-14 00:00:00,1095,California,PayPal,55.1,1
785,109,electronics,board game,338.64,6,2023-01-22 00:00:00,1041,Florida,Credit Card,2031.84,1
786,155,books,fruit,30.66,3,2022-08-25 00:00:00,1040,Florida,Cash,91.98,8
787,129,electronics,fruit,276.69,1,2023-09-08 00:00:00,1076,California,Credit Card,276.69,9
788,104,books,laptop,147.38,16,2023-06-03 00:00:00,1068,Florida,Debit Card,2358.08,6
789,132,books,vegetable,156.85,11,2022-10-10 00:00:00,1009,Florida,PayPal,1725.35,10
790,164,electronics,action figure,179.71,13,2022-01-01 00:00:00,1009,Illinois,Debit Card,2336.23,1
791,117,clothing,laptop,312.54,10,2023-04-09 00:00:00,1090,Illinois,Cash,3125.4,4
792,195,clothing,board game,170.35,3,2022-08-18 00:00:00,1059,California,Cash,511.05,8
793,148,books,laptop,367.69,9,2022-06-21 00:00:00,1050,New York,Cash,3309.21,6
794,110,electronics,shirt,205.24,12,2022-03-28 00:00:00,1020,Florida,Cash,2462.88,3
795,184,clothing,fiction,38.83,14,2023-07-07 00:00:00,1007,New York,Credit Card,543.62,7
796,125,electronics,vegetable,392.96,1,2022-05-03 00:00:00,1064,California,PayPal,392.96,5
797,162,electronics,non-fiction,146.45,18,2022-10-25 00:00:00,1091,California,Cash,2636.1,10
798,188,electronics,non-fiction,219.22,17,2023-11-21 00:00:00,1077,Illinois,Debit Card,3726.74,11
799,185,toys,vegetable,344.29,9,2023-07-29 00:00:00,1084,Florida,Cash,3098.61,7
800,158,electronics,board game,169.57,9,2023-04-29 00:00:00,1029,Texas,PayPal,1526.13,4
801,126,toys,shirt,33.01,10,2022-06-14 00:00:00,1084,California,Debit Card,330.1,6
802,148,books,shirt,190.09,19,2023-11-30 00:00:00,1048,Florida,Debit Card,3611.71,11
803,176,clothing,mobile,472.5,15,2023-01-18 00:00:00,1008,New York,Debit Card,7087.5,1
804,132,clothing,fiction,322.66,5,2022-07-28 00:00:00,1016,Illinois,Credit Card,1613.3,7
805,197,clothing,fruit,337.38,15,2023-03-08 00:00:00,1068,New York,Cash,5060.7,3
806,198,clothing,pants,317.98,2,2023-01-24 00:00:00,1057,California,Credit Card,635.96,1
807,100,clothing,board game,103.5,13,2023-07-14 00:00:00,1056,California,Debit Card,1345.5,7
808,120,clothing,pants,212.08,16,2022-08-12 00:00:00,1061,New York,Credit Card,3393.28,8
809,154,clothing,pants,376.72,15,2022-01-03 00:00:00,1094,California,Credit Card,5650.8,1
810,105,books,vegetable,55.18,10,2023-01-07 00:00:00,1051,Florida,Credit Card,551.8,1
811,191,electronics,non-fiction,142.54,14,2023-11-18 00:00:00,1060,California,Cash,1995.56,11
812,180,groceries,non-fiction,141.78,10,2023-03-22 00:00:00,1039,Illinois,Debit Card,1417.8,3
813,168,toys,fruit,218.85,14,2023-09-03 00:00:00,1037,Florida,Debit Card,3063.9,9
814,194,groceries,vegetable,490.28,9,2022-04-26 00:00:00,1042,Texas,Cash,4412.52,4
815,104,groceries,pants,38.41,14,2022-09-27 00:00:00,1062,California,Credit Card,537.74,9
816,102,electronics,action figure,261.76,3,2023-03-23 00:00:00,1018,California,Credit Card,785.28,3
817,152,electronics,non-fiction,93.79,16,2023-01-03 00:00:00,1099,Illinois,PayPal,1500.64,1
818,122,electronics,board game,485.48,2,2022-09-10 00:00:00,1049,Illinois,PayPal,970.96,9
819,152,clothing,board game,61.09,10,2022-11-13 00:00:00,1032,New York,PayPal,610.9,11
820,136,books,mobile,204.78,3,2023-02-19 00:00:00,1012,New York,Cash,614.34,2
821,173,clothing,laptop,370.25,11,2022-04-05 00:00:00,1077,New York,Debit Card,4072.75,4
822,173,books,action figure,353.75,11,2022-01-24 00:00:00,1096,Illinois,PayPal,3891.25,1
823,182,books,non-fiction,214.25,13,2023-09-20 00:00:00,1061,New York,Debit Card,2785.25,9
824,116,groceries,shirt,176.53,7,2023-10-25 00:00:00,1092,New York,Debit Card,1235.71,10
825,184,groceries,non-fiction,201.82,17,2022-02-19 00:00:00,1042,Texas,Debit Card,3430.94,2
826,177,books,mobile,135.82,2,2023-05-17 00:00:00,1048,New York,Cash,271.64,5
827,172,books,board game,106.64,12,2023-12-19 00:00:00,1035,California,Cash,1279.68,12
828,100,clothing,pants,244.1,10,2023-05-13 00:00:00,1009,Illinois,Cash,2441,5
829,150,clothing,shirt,137.92,18,2022-12-01 00:00:00,1094,Florida,Cash,2482.56,12
830,144,groceries,vegetable,147.29,11,2022-03-20 00:00:00,1005,Texas,PayPal,1620.19,3
831,176,electronics,fiction,330.09,16,2023-08-05 00:00:00,1056,Illinois,Credit Card,5281.44,8
832,103,books,pants,484.43,17,2022-01-27 00:00:00,1000,Illinois,Credit Card,8235.31,1
833,161,clothing,fiction,303.8,19,2022-09-28 00:00:00,1070,California,Credit Card,5772.2,9
834,164,groceries,action figure,43.1,18,2023-07-16 00:00:00,1057,New York,PayPal,775.8,7
835,131,clothing,laptop,42.41,3,2022-09-04 00:00:00,1090,California,Credit Card,127.23,9
836,133,books,shirt,475.95,16,2023-08-14 00:00:00,1020,New York,PayPal,7615.2,8
837,191,books,fruit,152.16,6,2023-01-22 00:00:00,1091,New York,PayPal,912.96,1
838,194,toys,shirt,50.57,12,2023-12-03 00:00:00,1079,Illinois,PayPal,606.84,12
839,171,electronics,non-fiction,301.53,11,2023-07-13 00:00:00,1055,New York,Credit Card,3316.83,7
840,138,toys,board game,313.71,15,2022-12-27 00:00:00,1086,Texas,Debit Card,4705.65,12
841,125,groceries,non-fiction,326.01,15,2023-05-03 00:00:00,1019,Texas,Credit Card,4890.15,5
842,133,clothing,non-fiction,137.36,16,2022-12-18 00:00:00,1053,Texas,Credit Card,2197.76,12
843,153,groceries,action figure,12.48,10,2023-12-02 00:00:00,1024,Illinois,Cash,124.8,12
844,102,books,pants,482.68,12,2022-09-13 00:00:00,1027,California,PayPal,5792.16,9
845,149,toys,fruit,129.19,13,2022-08-10 00:00:00,1004,Florida,Debit Card,1679.47,8
846,111,toys,fruit,339.63,4,2022-01-01 00:00:00,1020,New York,Cash,1358.52,1
847,164,toys,non-fiction,354.78,7,2023-06-30 00:00:00,1017,Florida,Debit Card,2483.46,6
848,153,groceries,fiction,306.95,2,2023-03-22 00:00:00,1046,California,Debit Card,613.9,3
849,104,books,action figure,159.89,15,2022-03-20 00:00:00,1069,California,PayPal,2398.35,3
850,193,clothing,non-fiction,139.19,8,2022-08-24 00:00:00,1056,Illinois,Credit Card,1113.52,8
851,193,clothing,laptop,300.85,7,2022-11-30 00:00:00,1092,Texas,PayPal,2105.95,11
852,156,groceries,board game,433.72,15,2022-12-15 00:00:00,1018,Texas,PayPal,6505.8,12
853,116,toys,pants,473.63,14,2022-04-08 00:00:00,1096,California,Cash,6630.82,4
854,146,electronics,vegetable,57.42,8,2022-03-23 00:00:00,1064,Illinois,PayPal,459.36,3
855,122,groceries,laptop,81.64,12,2023-05-17 00:00:00,1002,Illinois,Credit Card,979.68,5
856,178,groceries,fiction,472.64,13,2023-04-22 00:00:00,1041,New York,Debit Card,6144.32,4
857,184,books,shirt,369.58,11,2023-12-05 00:00:00,1020,Texas,PayPal,4065.38,12
858,113,clothing,shirt,442.08,17,2023-07-04 00:00:00,1098,California,Debit Card,7515.36,7
859,165,groceries,laptop,105.3,17,2022-01-14 00:00:00,1039,Florida,PayPal,1790.1,1
860,174,groceries,non-fiction,295.86,4,2023-01-27 00:00:00,1066,Texas,Debit Card,1183.44,1
861,150,toys,vegetable,352.06,8,2022-12-13 00:00:00,1024,New York,PayPal,2816.48,12
862,137,toys,mobile,341.66,5,2022-11-06 00:00:00,1054,Illinois,Cash,1708.3,11
863,163,electronics,mobile,207.04,16,2023-01-21 00:00:00,1083,California,Debit Card,3312.64,1
864,197,books,fiction,12.62,4,2022-07-28 00:00:00,1051,Texas,PayPal,50.48,7
865,137,electronics,non-fiction,293.55,15,2022-12-23 00:00:00,1043,Florida,PayPal,4403.25,12
866,149,toys,fruit,130.29,12,2023-08-24 00:00:00,1097,New York,Cash,1563.48,8
867,197,clothing,fruit,227.88,5,2023-07-22 00:00:00,1084,New York,Cash,1139.4,7
868,181,toys,pants,479,16,2022-04-04 00:00:00,1055,Texas,Cash,7664,4
869,129,books,vegetable,202.52,14,2022-04-03 00:00:00,1054,Florida,Debit Card,2835.28,4
870,178,toys,vegetable,420.7,10,2022-12-06 00:00:00,1086,New York,Debit Card,4207,12
871,190,books,shirt,98.33,7,2023-08-20 00:00:00,1069,California,Cash,688.31,8
872,150,books,action figure,337.87,13,2023-03-21 00:00:00,1076,New York,Credit Card,4392.31,3
873,162,books,fiction,488.62,5,2022-01-22 00:00:00,1086,Florida,Credit Card,2443.1,1
874,197,books,mobile,55.44,3,2022-10-18 00:00:00,1072,Illinois,PayPal,166.32,10
875,151,books,fiction,9.12,15,2023-04-30 00:00:00,1080,Illinois,Credit Card,136.8,4
876,137,clothing,fruit,219.62,4,2022-11-02 00:00:00,1065,Texas,PayPal,878.48,11
877,196,electronics,fruit,50.85,15,2023-09-26 00:00:00,1018,Florida,Debit Card,762.75,9
878,187,groceries,laptop,375.45,14,2022-05-08 00:00:00,1082,New York,Debit Card,5256.3,5
879,178,electronics,pants,457.7,19,2023-09-17 00:00:00,1006,New York,Credit Card,8696.3,9
880,129,books,vegetable,219.84,13,2022-09-30 00:00:00,1062,Illinois,Debit Card,2857.92,9
881,150,clothing,board game,133.06,10,2023-03-18 00:00:00,1041,Illinois,Cash,1330.6,3
882,180,toys,fiction,220.03,5,2023-05-18 00:00:00,1041,California,Cash,1100.15,5
883,104,clothing,fruit,363.11,6,2022-05-10 00:00:00,1058,Illinois,Credit Card,2178.66,5
884,128,books,action figure,9.48,4,2022-05-12 00:00:00,1019,California,Credit Card,37.92,5
885,103,clothing,shirt,296.78,2,2023-08-20 00:00:00,1072,New York,PayPal,593.56,8
886,109,clothing,mobile,308.58,16,2023-04-27 00:00:00,1016,California,Debit Card,4937.28,4
887,155,books,pants,320.66,18,2023-01-25 00:00:00,1026,California,PayPal,5771.88,1
888,116,clothing,action figure,124.8,5,2023-08-16 00:00:00,1046,Texas,PayPal,624,8
889,173,groceries,pants,358.46,4,2022-11-21 00:00:00,1001,Illinois,Cash,1433.84,11
890,116,groceries,laptop,50.24,13,2022-03-10 00:00:00,1062,California,Cash,653.12,3
891,183,clothing,board game,103.64,19,2023-10-22 00:00:00,1061,New York,Cash,1969.16,10
892,187,toys,fruit,439.35,2,2023-03-24 00:00:00,1099,Florida,Cash,878.7,3
893,168,books,shirt,370.67,13,2023-06-12 00:00:00,1018,California,PayPal,4818.71,6
894,133,groceries,action figure,11.8,11,2023-09-09 00:00:00,1016,Illinois,Cash,129.8,9
895,105,toys,pants,127.95,4,2022-06-14 00:00:00,1068,Texas,Debit Card,511.8,6
896,152,clothing,vegetable,111.13,15,2023-05-03 00:00:00,1038,New York,Cash,1666.95,5
897,165,toys,laptop,139.05,4,2023-12-14 00:00:00,1081,Texas,Cash,556.2,12
898,176,electronics,vegetable,127.54,9,2023-12-10 00:00:00,1070,Florida,Cash,1147.86,12
899,142,groceries,shirt,35.95,7,2023-03-02 00:00:00,1080,California,Credit Card,251.65,3
900,174,clothing,action figure,232.18,19,2023-11-28 00:00:00,1038,California,Debit Card,4411.42,11
901,122,books,laptop,367.7,19,2022-09-22 00:00:00,1035,Illinois,Debit Card,6986.3,9
902,154,clothing,action figure,305.33,6,2023-09-04 00:00:00,1039,California,PayPal,1831.98,9
903,179,books,fruit,338.07,6,2022-12-08 00:00:00,1044,New York,PayPal,2028.42,12
904,194,clothing,non-fiction,45.17,15,2023-12-27 00:00:00,1003,Florida,Cash,677.55,12
905,174,toys,laptop,475.99,15,2022-10-05 00:00:00,1024,Texas,Credit Card,7139.85,10
906,115,toys,vegetable,420.05,9,2023-11-05 00:00:00,1068,Florida,PayPal,3780.45,11
907,107,toys,shirt,403.52,4,2023-03-15 00:00:00,1029,California,PayPal,1614.08,3
908,103,electronics,board game,412.38,18,2022-06-06 00:00:00,1075,Texas,Cash,7422.84,6
909,103,books,fruit,466.69,18,2023-02-26 00:00:00,1067,Illinois,Cash,8400.42,2
910,155,toys,non-fiction,274.41,5,2022-09-08 00:00:00,1087,Florida,PayPal,1372.05,9
911,124,electronics,board game,104.14,11,2023-09-01 00:00:00,1028,Texas,PayPal,1145.54,9
912,166,books,mobile,310.31,5,2023-06-14 00:00:00,1072,Texas,Debit Card,1551.55,6
913,195,clothing,fruit,372.73,4,2022-11-23 00:00:00,1067,Texas,Credit Card,1490.92,11
914,166,electronics,shirt,370.27,12,2022-04-07 00:00:00,1050,New York,Debit Card,4443.24,4
915,126,groceries,pants,263.12,2,2023-05-28 00:00:00,1023,Florida,PayPal,526.24,5
916,192,electronics,laptop,38.89,13,2022-08-04 00:00:00,1013,Texas,Debit Card,505.57,8
917,131,electronics,action figure,188.7,10,2022-05-12 00:00:00,1068,Florida,Debit Card,1887,5
918,149,books,shirt,460.78,9,2022-09-17 00:00:00,1017,Texas,PayPal,4147.02,9
919,160,clothing,laptop,294.3,10,2022-05-05 00:00:00,1041,Illinois,Cash,2943,5
920,150,groceries,board game,271.47,7,2022-03-23 00:00:00,1056,Illinois,PayPal,1900.29,3
921,118,toys,action figure,138.08,4,2022-10-10 00:00:00,1082,Illinois,Cash,552.32,10
922,120,toys,fiction,187.38,19,2023-11-14 00:00:00,1011,California,PayPal,3560.22,11
923,104,electronics,vegetable,448.2,10,2022-02-28 00:00:00,1081,Texas,PayPal,4482,2
924,181,books,mobile,334.9,3,2023-06-28 00:00:00,1016,California,PayPal,1004.7,6
925,191,books,fruit,394.76,19,2022-06-10 00:00:00,1029,Florida,Credit Card,7500.44,6
926,141,toys,shirt,229.9,2,2022-10-11 00:00:00,1087,California,Cash,459.8,10
927,160,groceries,mobile,316.97,10,2022-04-16 00:00:00,1074,Florida,Credit Card,3169.7,4
928,121,clothing,pants,127.95,2,2022-04-15 00:00:00,1098,Florida,PayPal,255.9,4
929,120,groceries,laptop,354.2,2,2023-03-15 00:00:00,1022,Florida,Debit Card,708.4,3
930,169,clothing,laptop,216.66,17,2022-08-16 00:00:00,1080,California,Credit Card,3683.22,8
931,100,toys,shirt,224.06,16,2023-12-01 00:00:00,1000,Texas,Cash,3584.96,12
932,104,clothing,non-fiction,326.41,16,2023-08-05 00:00:00,1078,California,PayPal,5222.56,8
933,111,books,non-fiction,468.46,14,2022-11-14 00:00:00,1031,Texas,Credit Card,6558.44,11
934,189,electronics,fiction,36.68,7,2023-04-09 00:00:00,1008,Texas,Debit Card,256.76,4
935,145,electronics,vegetable,413.25,11,2023-08-22 00:00:00,1014,Florida,Credit Card,4545.75,8
936,133,toys,action figure,149.73,1,2023-04-17 00:00:00,1027,California,Cash,149.73,4
937,148,books,pants,224.74,11,2022-02-25 00:00:00,1023,Texas,Credit Card,2472.14,2
938,177,groceries,mobile,15.85,4,2023-09-17 00:00:00,1059,Illinois,Debit Card,63.4,9
939,189,books,non-fiction,154.02,7,2022-01-13 00:00:00,1034,Texas,Debit Card,1078.14,1
940,144,electronics,fiction,253.8,15,2023-03-16 00:00:00,1085,Illinois,Cash,3807,3
941,126,electronics,fiction,32.81,18,2022-01-18 00:00:00,1026,California,Debit Card,590.58,1
942,172,books,shirt,248.09,12,2023-11-25 00:00:00,1082,California,PayPal,2977.08,11
943,125,books,pants,463.92,17,2022-04-23 00:00:00,1075,California,Debit Card,7886.64,4
944,146,electronics,board game,57.17,1,2022-08-17 00:00:00,1019,Texas,PayPal,57.17,8
945,185,groceries,action figure,383.4,11,2022-06-20 00:00:00,1064,New York,Credit Card,4217.4,6
946,155,toys,vegetable,207.79,1,2022-10-22 00:00:00,1084,Texas,PayPal,207.79,10
947,193,toys,fruit,329.31,15,2022-07-08 00:00:00,1048,Texas,PayPal,4939.65,7
948,162,books,shirt,133.82,10,2023-03-02 00:00:00,1000,Florida,Credit Card,1338.2,3
949,147,toys,action figure,83.95,7,2022-03-20 00:00:00,1009,Florida,Debit Card,587.65,3
950,160,electronics,fruit,84.43,2,2023-10-20 00:00:00,1046,Texas,PayPal,168.86,10
951,180,electronics,fruit,39.89,10,2022-07-01 00:00:00,1058,Illinois,Debit Card,398.9,7
952,125,books,pants,96.9,4,2023-05-14 00:00:00,1095,Florida,Credit Card,387.6,5
953,135,books,pants,333.79,12,2023-12-09 00:00:00,1061,Texas,Cash,4005.48,12
954,100,books,mobile,441.44,19,2022-03-12 00:00:00,1085,New York,Debit Card,8387.36,3
955,107,groceries,fiction,407.99,11,2022-09-05 00:00:00,1017,Illinois,Debit Card,4487.89,9
956,198,toys,action figure,344.14,8,2022-05-26 00:00:00,1045,California,Cash,2753.12,5
957,151,books,shirt,59.66,18,2023-09-10 00:00:00,1031,Texas,Cash,1073.88,9
958,178,clothing,laptop,148.15,11,2022-10-23 00:00:00,1026,Texas,Credit Card,1629.65,10
959,146,clothing,shirt,158.35,11,2023-08-05 00:00:00,1091,Illinois,Debit Card,1741.85,8
960,155,electronics,mobile,128.73,13,2023-04-15 00:00:00,1017,Florida,Debit Card,1673.49,4
961,185,toys,vegetable,259.93,3,2023-05-21 00:00:00,1038,Florida,Credit Card,779.79,5
962,113,books,fiction,270.1,12,2022-07-12 00:00:00,1048,Florida,Debit Card,3241.2,7
963,189,clothing,laptop,181.66,3,2022-03-09 00:00:00,1092,California,PayPal,544.98,3
964,127,toys,non-fiction,180.13,10,2023-05-09 00:00:00,1081,Illinois,PayPal,1801.3,5
965,186,electronics,vegetable,415.14,17,2022-02-21 00:00:00,1043,Illinois,PayPal,7057.38,2
966,177,groceries,pants,395.7,2,2022-12-29 00:00:00,1071,Florida,Debit Card,791.4,12
967,187,toys,fruit,157.36,17,2023-04-19 00:00:00,1053,Florida,PayPal,2675.12,4
968,101,toys,non-fiction,457.33,16,2023-06-05 00:00:00,1094,New York,PayPal,7317.28,6
969,125,groceries,shirt,476.64,2,2023-03-07 00:00:00,1033,New York,Credit Card,953.28,3
970,113,toys,shirt,166.74,6,2022-10-25 00:00:00,1070,Texas,Credit Card,1000.44,10
971,158,electronics,pants,180.44,10,2023-03-11 00:00:00,1035,Texas,Cash,1804.4,3
972,155,electronics,mobile,255.29,10,2023-11-27 00:00:00,1017,Illinois,Cash,2552.9,11
973,106,groceries,action figure,470.85,8,2023-11-22 00:00:00,1037,Illinois,Cash,3766.8,11
974,102,books,non-fiction,438.78,1,2022-07-17 00:00:00,1058,California,Cash,438.78,7
975,122,clothing,non-fiction,55.77,13,2022-05-08 00:00:00,1008,California,Credit Card,725.01,5
976,117,books,board game,199.4,9,2023-06-16 00:00:00,1072,New York,Credit Card,1794.6,6
977,137,toys,vegetable,278.92,10,2023-02-15 00:00:00,1071,Texas,Credit Card,2789.2,2
978,198,clothing,fiction,254.05,15,2022-03-06 00:00:00,1050,New York,PayPal,3810.75,3
979,114,groceries,vegetable,100.96,5,2023-11-25 00:00:00,1034,New York,PayPal,504.8,11
980,163,groceries,action figure,430.11,16,2022-08-29 00:00:00,1081,Texas,Cash,6881.76,8
981,188,clothing,shirt,340.09,13,2023-01-04 00:00:00,1004,California,PayPal,4421.17,1
982,127,electronics,shirt,419.76,18,2023-06-20 00:00:00,1013,Texas,Debit Card,7555.68,6
983,173,clothing,shirt,430.09,11,2023-01-19 00:00:00,1091,Florida,Credit Card,4730.99,1
984,138,toys,board game,375.44,9,2023-03-07 00:00:00,1029,Florida,Cash,3378.96,3
985,156,electronics,shirt,222.41,16,2022-03-24 00:00:00,1003,Florida,Cash,3558.56,3
986,116,groceries,action figure,307.22,2,2023-11-28 00:00:00,1038,Illinois,Debit Card,614.44,11
987,185,clothing,pants,84.38,2,2023-09-03 00:00:00,1083,California,PayPal,168.76,9
988,189,books,fiction,338.45,12,2023-07-28 00:00:00,1063,California,Cash,4061.4,7
989,143,books,action figure,93.73,8,2022-10-13 00:00:00,1024,Illinois,PayPal,749.84,10
990,124,toys,fiction,348.51,9,2023-06-18 00:00:00,1027,New York,PayPal,3136.59,6
991,116,books,action figure,118.65,12,2023-04-04 00:00:00,1075,Florida,Debit Card,1423.8,4
992,112,clothing,shirt,63.19,9,2022-07-31 00:00:00,1065,Florida,Cash,568.71,7
993,183,clothing,pants,86.82,10,2022-05-06 00:00:00,1077,New York,PayPal,868.2,5
994,124,books,non-fiction,5.99,2,2023-02-17 00:00:00,1021,Texas,PayPal,11.98,2
995,167,clothing,vegetable,360.78,16,2023-05-14 00:00:00,1030,Texas,Debit Card,5772.48,5
996,109,toys,fruit,367.54,7,2023-03-01 00:00:00,1022,California,Debit Card,2572.78,3
997,166,electronics,pants,259.89,2,2023-07-08 00:00:00,1047,Illinois,PayPal,519.78,7
998,117,toys,non-fiction,84.87,1,2023-09-02 00:00:00,1019,California,Debit Card,84.87,9
999,199,toys,mobile,46.36,19,2023-06-27 00:00:00,1037,Texas,PayPal,880.84,6
1000,185,clothing,action figure,14.47,4,2022-06-07 00:00:00,1054,New York,Cash,57.88,6
